beta,episode_id,goal_name,states,actions,num_steps
0.5,1,A,"(1,1);(1,2);(1,3);(1,2);(1,2);(1,3);(1,4);(1,4);(1,4);(1,5);(1,5);(1,5);(1,5);(1,5);(1,5);(2,5);(1,5);(2,5);(2,5);(3,5);(2,5);(3,5);(4,5);(4,5);(5,5)",UP;UP;DOWN;LEFT;UP;UP;LEFT;LEFT;UP;LEFT;UP;LEFT;UP;UP;RIGHT;LEFT;RIGHT;UP;RIGHT;LEFT;RIGHT;RIGHT;UP;RIGHT,24
0.5,2,A,"(1,1);(2,1);(3,1);(3,1);(4,1);(4,2);(4,3);(4,4);(4,5);(5,5)",RIGHT;RIGHT;DOWN;RIGHT;UP;UP;UP;UP;RIGHT,9
0.5,3,A,"(1,1);(1,1);(1,2);(2,2);(1,2);(1,3);(1,4);(2,4);(2,5);(2,4);(2,5);(2,4);(3,4);(3,5);(3,5);(4,5);(5,5)",DOWN;UP;RIGHT;LEFT;UP;UP;RIGHT;UP;DOWN;UP;DOWN;RIGHT;UP;UP;RIGHT;RIGHT,16
0.5,4,A,"(1,1);(2,1);(2,1);(2,2);(2,3);(2,2);(3,2);(4,2);(5,2);(5,3);(4,3);(5,3);(5,4);(5,3);(5,4);(5,5)",RIGHT;DOWN;UP;UP;DOWN;RIGHT;RIGHT;RIGHT;UP;LEFT;RIGHT;UP;DOWN;UP;UP,15
0.5,5,A,"(1,1);(1,1);(1,1);(2,1);(2,2);(2,1);(2,2);(3,2);(4,2);(4,3);(5,3);(5,3);(5,4);(5,3);(5,4);(4,4);(5,4);(5,5)",DOWN;DOWN;RIGHT;UP;DOWN;UP;RIGHT;RIGHT;UP;RIGHT;RIGHT;UP;DOWN;UP;LEFT;RIGHT;UP,17
0.5,6,A,"(1,1);(1,1);(2,1);(3,1);(4,1);(5,1);(5,2);(4,2);(5,2);(5,3);(5,4);(5,5)",LEFT;RIGHT;RIGHT;RIGHT;RIGHT;UP;LEFT;RIGHT;UP;UP;UP,11
0.5,7,A,"(1,1);(1,2);(2,2);(3,2);(3,1);(3,2);(3,1);(2,1);(1,1);(1,2);(1,2);(1,2);(1,2);(1,2);(1,3);(1,4);(2,4);(2,5);(2,5);(2,5);(2,5);(3,5);(4,5);(5,5)",UP;RIGHT;RIGHT;DOWN;UP;DOWN;LEFT;LEFT;UP;LEFT;LEFT;LEFT;LEFT;UP;UP;RIGHT;UP;UP;UP;UP;RIGHT;RIGHT;RIGHT,23
0.5,8,A,"(1,1);(1,2);(1,3);(1,4);(1,5);(2,5);(3,5);(4,5);(4,5);(4,4);(5,4);(5,5)",UP;UP;UP;UP;RIGHT;RIGHT;RIGHT;UP;DOWN;RIGHT;UP,11
0.5,9,A,"(1,1);(1,2);(1,2);(1,1);(1,1);(2,1);(3,1);(4,1);(4,1);(4,1);(4,2);(5,2);(5,3);(5,2);(5,3);(5,2);(4,2);(4,3);(4,3);(5,3);(5,3);(5,4);(5,3);(5,4);(5,5)",UP;LEFT;DOWN;LEFT;RIGHT;RIGHT;RIGHT;DOWN;DOWN;UP;RIGHT;UP;DOWN;UP;DOWN;LEFT;UP;LEFT;RIGHT;RIGHT;UP;DOWN;UP;UP,24
0.5,10,A,"(1,1);(1,1);(2,1);(3,1);(4,1);(4,1);(4,1);(4,1);(5,1);(5,2);(5,3);(5,3);(5,3);(5,2);(5,1);(5,1);(4,1);(4,2);(5,2);(5,1);(5,1);(5,1);(5,1);(5,2);(5,3);(5,3);(5,2);(5,1);(5,1);(5,1);(5,2)",LEFT;RIGHT;RIGHT;RIGHT;DOWN;DOWN;DOWN;RIGHT;UP;UP;RIGHT;RIGHT;DOWN;DOWN;RIGHT;LEFT;UP;RIGHT;DOWN;RIGHT;DOWN;RIGHT;UP;UP;RIGHT;DOWN;DOWN;DOWN;RIGHT;UP,30
0.5,11,A,"(1,1);(1,1);(1,2);(1,2);(1,2);(1,2);(2,2);(2,3);(2,2);(2,3);(2,3);(2,3);(1,3);(1,3);(1,4);(1,5);(1,5);(1,5);(2,5);(3,5);(2,5);(3,5);(2,5);(2,5);(1,5);(1,5);(1,4);(1,5);(1,5);(2,5);(2,5)",DOWN;UP;LEFT;LEFT;LEFT;RIGHT;UP;DOWN;UP;RIGHT;RIGHT;LEFT;LEFT;UP;UP;LEFT;UP;RIGHT;RIGHT;LEFT;RIGHT;LEFT;UP;LEFT;LEFT;DOWN;UP;LEFT;RIGHT;UP,30
0.5,12,A,"(1,1);(2,1);(3,1);(2,1);(2,2);(3,2);(2,2);(3,2);(4,2);(5,2);(5,1);(5,2);(5,3);(5,2);(5,1);(5,1);(5,2);(5,2);(5,1);(5,2);(5,3);(5,2);(4,2);(5,2);(4,2);(4,3);(5,3);(5,4);(5,5)",RIGHT;RIGHT;LEFT;UP;RIGHT;LEFT;RIGHT;RIGHT;RIGHT;DOWN;UP;UP;DOWN;DOWN;RIGHT;UP;RIGHT;DOWN;UP;UP;DOWN;LEFT;RIGHT;LEFT;UP;RIGHT;UP;UP,28
0.5,13,A,"(1,1);(1,2);(1,2);(2,2);(2,3);(2,4);(3,4);(3,4);(3,5);(3,5);(3,4);(4,4);(4,5);(3,5);(3,4);(3,5);(4,5);(3,5);(3,5);(4,5);(5,5)",UP;LEFT;RIGHT;UP;UP;RIGHT;DOWN;UP;UP;DOWN;RIGHT;UP;LEFT;DOWN;UP;RIGHT;LEFT;UP;RIGHT;RIGHT,20
0.5,14,A,"(1,1);(1,2);(1,3);(1,4);(1,5);(1,5);(1,4);(2,4);(2,5);(1,5);(1,4);(1,5);(1,5);(1,5);(1,4);(2,4);(3,4);(2,4);(3,4);(3,5);(3,4);(3,4);(4,4);(4,5);(3,5);(4,5);(5,5)",UP;UP;UP;UP;UP;DOWN;RIGHT;UP;LEFT;DOWN;UP;LEFT;LEFT;DOWN;RIGHT;RIGHT;LEFT;RIGHT;UP;DOWN;DOWN;RIGHT;UP;LEFT;RIGHT;RIGHT,26
0.5,15,A,"(1,1);(1,1);(1,2);(1,3);(1,4);(1,5);(1,5);(1,5);(2,5);(2,5);(2,4);(3,4);(2,4);(3,4);(3,5);(2,5);(3,5);(4,5);(5,5)",DOWN;UP;UP;UP;UP;UP;UP;RIGHT;UP;DOWN;RIGHT;LEFT;RIGHT;UP;LEFT;RIGHT;RIGHT;RIGHT,18
0.5,16,A,"(1,1);(1,1);(2,1);(1,1);(2,1);(2,2);(3,2);(4,2);(4,3);(4,3);(5,3);(5,4);(5,4);(5,5)",LEFT;RIGHT;LEFT;RIGHT;UP;RIGHT;RIGHT;UP;LEFT;RIGHT;UP;RIGHT;UP,13
0.5,17,A,"(1,1);(1,1);(1,2);(1,1);(2,1);(1,1);(1,2);(2,2);(2,3);(2,4);(3,4);(4,4);(3,4);(3,4);(2,4);(2,5);(2,5);(1,5);(1,4);(2,4);(3,4);(4,4);(4,5);(5,5)",DOWN;UP;DOWN;RIGHT;LEFT;UP;RIGHT;UP;UP;RIGHT;RIGHT;LEFT;DOWN;LEFT;UP;UP;LEFT;DOWN;RIGHT;RIGHT;RIGHT;UP;RIGHT,23
0.5,18,A,"(1,1);(1,1);(2,1);(2,2);(2,3);(2,4);(2,5);(2,5);(3,5);(4,5);(5,5)",LEFT;RIGHT;UP;UP;UP;UP;UP;RIGHT;RIGHT;RIGHT,10
0.5,19,A,"(1,1);(2,1);(3,1);(3,1);(3,1);(4,1);(4,2);(4,3);(5,3);(5,4);(5,4);(5,4);(5,5)",RIGHT;RIGHT;DOWN;DOWN;RIGHT;UP;UP;RIGHT;UP;RIGHT;RIGHT;UP,12
0.5,20,A,"(1,1);(1,2);(1,3);(1,4);(1,5);(1,5);(1,4);(1,5);(1,5);(1,5);(2,5);(2,5);(2,4);(2,3);(2,4);(3,4);(3,4);(3,4);(3,4);(4,4);(4,3);(5,3);(5,3);(5,2);(5,1);(5,1);(5,1);(5,2);(5,3);(5,4);(4,4)",UP;UP;UP;UP;LEFT;DOWN;UP;UP;LEFT;RIGHT;UP;DOWN;DOWN;UP;RIGHT;DOWN;DOWN;DOWN;RIGHT;DOWN;RIGHT;RIGHT;DOWN;DOWN;RIGHT;DOWN;UP;UP;UP;LEFT,30
0.5,21,A,"(1,1);(1,1);(2,1);(3,1);(3,1);(3,2);(4,2);(5,2);(5,2);(5,3);(5,4);(5,5)",LEFT;RIGHT;RIGHT;DOWN;UP;RIGHT;RIGHT;RIGHT;UP;UP;UP,11
0.5,22,A,"(1,1);(1,1);(1,2);(2,2);(2,3);(2,3);(2,3);(1,3);(1,4);(1,4);(1,5);(1,5);(1,4);(1,5);(1,5);(2,5);(3,5);(2,5);(3,5);(3,5);(4,5);(5,5)",DOWN;UP;RIGHT;UP;RIGHT;RIGHT;LEFT;UP;LEFT;UP;LEFT;DOWN;UP;UP;RIGHT;RIGHT;LEFT;RIGHT;UP;RIGHT;RIGHT,21
0.5,23,A,"(1,1);(1,1);(1,2);(1,1);(1,1);(1,1);(1,1);(1,2);(1,1);(1,1);(1,2);(1,3);(2,3);(2,4);(3,4);(4,4);(4,5);(5,5)",LEFT;UP;DOWN;DOWN;LEFT;DOWN;UP;DOWN;DOWN;UP;UP;RIGHT;UP;RIGHT;RIGHT;UP;RIGHT,17
0.5,24,A,"(1,1);(1,1);(1,1);(2,1);(2,2);(3,2);(3,1);(3,2);(3,2);(4,2);(3,2);(3,2);(2,2);(2,1);(2,1);(2,2);(3,2);(2,2);(2,3);(2,2);(2,3);(2,4);(2,5);(1,5);(1,4);(2,4);(2,5);(3,5);(4,5);(4,5);(3,5)",DOWN;LEFT;RIGHT;UP;RIGHT;DOWN;UP;UP;RIGHT;LEFT;UP;LEFT;DOWN;DOWN;UP;RIGHT;LEFT;UP;DOWN;UP;UP;UP;LEFT;DOWN;RIGHT;UP;RIGHT;RIGHT;UP;LEFT,30
0.5,25,A,"(1,1);(1,1);(2,1);(1,1);(1,2);(2,2);(2,3);(2,2);(2,3);(2,2);(3,2);(3,1);(4,1);(4,2);(5,2);(5,2);(4,2);(4,1);(5,1);(5,1);(5,2);(5,3);(5,4);(5,5)",LEFT;RIGHT;LEFT;UP;RIGHT;UP;DOWN;UP;DOWN;RIGHT;DOWN;RIGHT;UP;RIGHT;RIGHT;LEFT;DOWN;RIGHT;RIGHT;UP;UP;UP;UP,23
0.5,26,A,"(1,1);(1,1);(1,2);(2,2);(2,3);(1,3);(1,4);(1,4);(1,5);(1,5);(1,4);(1,5);(2,5);(2,5);(3,5);(3,5);(2,5);(2,4);(1,4);(2,4);(3,4);(3,4);(4,4);(4,5);(5,5)",LEFT;UP;RIGHT;UP;LEFT;UP;LEFT;UP;LEFT;DOWN;UP;RIGHT;UP;RIGHT;UP;LEFT;DOWN;LEFT;RIGHT;RIGHT;DOWN;RIGHT;UP;RIGHT,24
0.5,27,A,"(1,1);(1,2);(2,2);(3,2);(3,2);(3,1);(3,1);(3,2);(4,2);(4,1);(5,1);(5,1);(5,2);(5,3);(5,4);(4,4);(5,4);(4,4);(4,5);(4,5);(4,5);(4,4);(5,4);(4,4);(4,5);(4,4);(4,5);(5,5)",UP;RIGHT;RIGHT;UP;DOWN;DOWN;UP;RIGHT;DOWN;RIGHT;RIGHT;UP;UP;UP;LEFT;RIGHT;LEFT;UP;UP;UP;DOWN;RIGHT;LEFT;UP;DOWN;UP;RIGHT,27
0.5,28,A,"(1,1);(2,1);(1,1);(2,1);(3,1);(2,1);(3,1);(3,2);(2,2);(2,3);(2,4);(2,5);(3,5);(4,5);(3,5);(4,5);(3,5);(4,5);(4,4);(5,4);(5,3);(5,4);(5,4);(5,4);(5,5)",RIGHT;LEFT;RIGHT;RIGHT;LEFT;RIGHT;UP;LEFT;UP;UP;UP;RIGHT;RIGHT;LEFT;RIGHT;LEFT;RIGHT;DOWN;RIGHT;DOWN;UP;RIGHT;RIGHT;UP,24
0.5,29,A,"(1,1);(2,1);(3,1);(3,1);(4,1);(5,1);(5,2);(5,3);(5,4);(4,4);(4,5);(4,5);(5,5)",RIGHT;RIGHT;DOWN;RIGHT;RIGHT;UP;UP;UP;LEFT;UP;UP;RIGHT,12
0.5,30,A,"(1,1);(1,2);(1,2);(1,1);(1,1);(1,2);(1,3);(2,3);(2,4);(2,5);(3,5);(4,5);(4,5);(4,4);(4,3);(4,3);(4,3);(5,3);(5,3);(5,2);(5,2);(5,2);(5,2);(5,3);(5,2);(5,2);(5,3);(5,2);(5,3);(5,3);(5,3)",UP;LEFT;DOWN;LEFT;UP;UP;RIGHT;UP;UP;RIGHT;RIGHT;UP;DOWN;DOWN;LEFT;LEFT;RIGHT;RIGHT;DOWN;RIGHT;RIGHT;RIGHT;UP;DOWN;RIGHT;UP;DOWN;UP;RIGHT;RIGHT,30
0.5,31,A,"(1,1);(2,1);(3,1);(3,2);(4,2);(5,2);(5,3);(5,3);(5,4);(5,4);(5,4);(5,5)",RIGHT;RIGHT;UP;RIGHT;RIGHT;UP;RIGHT;UP;RIGHT;RIGHT;UP,11
0.5,32,A,"(1,1);(1,1);(1,2);(2,2);(2,3);(2,4);(3,4);(4,4);(4,3);(4,4);(3,4);(3,4);(4,4);(4,5);(3,5);(4,5);(4,5);(4,5);(5,5)",DOWN;UP;RIGHT;UP;UP;RIGHT;RIGHT;DOWN;UP;LEFT;DOWN;RIGHT;UP;LEFT;RIGHT;UP;UP;RIGHT,18
0.5,33,A,"(1,1);(2,1);(3,1);(4,1);(4,1);(4,2);(4,3);(4,4);(4,3);(5,3);(5,4);(5,5)",RIGHT;RIGHT;RIGHT;DOWN;UP;UP;UP;DOWN;RIGHT;UP;UP,11
0.5,34,A,"(1,1);(1,2);(1,2);(2,2);(2,1);(2,2);(2,3);(2,4);(2,5);(1,5);(2,5);(2,4);(1,4);(2,4);(2,5);(1,5);(2,5);(3,5);(4,5);(4,5);(4,5);(5,5)",UP;LEFT;RIGHT;DOWN;UP;UP;UP;UP;LEFT;RIGHT;DOWN;LEFT;RIGHT;UP;LEFT;RIGHT;RIGHT;RIGHT;UP;UP;RIGHT,21
0.5,35,A,"(1,1);(1,1);(1,2);(2,2);(2,3);(1,3);(1,4);(1,5);(2,5);(2,4);(2,3);(2,2);(2,1);(3,1);(3,2);(4,2);(4,3);(4,4);(4,5);(5,5)",DOWN;UP;RIGHT;UP;LEFT;UP;UP;RIGHT;DOWN;DOWN;DOWN;DOWN;RIGHT;UP;RIGHT;UP;UP;UP;RIGHT,19
0.5,36,A,"(1,1);(2,1);(2,2);(2,3);(1,3);(1,4);(1,4);(1,5);(1,5);(2,5);(2,4);(2,3);(2,4);(2,5);(3,5);(3,5);(4,5);(5,5)",RIGHT;UP;UP;LEFT;UP;LEFT;UP;UP;RIGHT;DOWN;DOWN;UP;UP;RIGHT;UP;RIGHT;RIGHT,17
0.5,37,A,"(1,1);(2,1);(3,1);(3,2);(2,2);(2,3);(2,3);(2,3);(1,3);(2,3);(1,3);(1,4);(2,4);(1,4);(1,5);(1,5);(1,5);(1,4);(1,4);(1,5);(1,5);(2,5);(3,5);(4,5);(5,5)",RIGHT;RIGHT;UP;LEFT;UP;RIGHT;RIGHT;LEFT;RIGHT;LEFT;UP;RIGHT;LEFT;UP;LEFT;LEFT;DOWN;LEFT;UP;LEFT;RIGHT;RIGHT;RIGHT;RIGHT,24
0.5,38,A,"(1,1);(1,2);(1,3);(1,4);(1,4);(1,5);(1,5);(1,5);(1,5);(2,5);(1,5);(1,5);(2,5);(2,5);(3,5);(4,5);(4,5);(5,5)",UP;UP;UP;LEFT;UP;UP;LEFT;LEFT;RIGHT;LEFT;LEFT;RIGHT;UP;RIGHT;RIGHT;UP;RIGHT,17
0.5,39,A,"(1,1);(2,1);(1,1);(2,1);(2,1);(3,1);(3,1);(3,2);(4,2);(4,3);(5,3);(5,4);(5,5)",RIGHT;LEFT;RIGHT;DOWN;RIGHT;DOWN;UP;RIGHT;UP;RIGHT;UP;UP,12
0.5,40,A,"(1,1);(2,1);(2,1);(2,1);(3,1);(4,1);(3,1);(4,1);(4,1);(5,1);(5,2);(5,3);(5,4);(4,4);(4,3);(4,2);(5,2);(5,3);(5,4);(5,4);(5,5)",RIGHT;DOWN;DOWN;RIGHT;RIGHT;LEFT;RIGHT;DOWN;RIGHT;UP;UP;UP;LEFT;DOWN;DOWN;RIGHT;UP;UP;RIGHT;UP,20
0.5,41,A,"(1,1);(1,2);(1,2);(1,2);(2,2);(2,3);(2,3);(2,3);(2,4);(2,5);(3,5);(4,5);(3,5);(4,5);(4,5);(4,5);(5,5)",UP;LEFT;LEFT;RIGHT;UP;RIGHT;RIGHT;UP;UP;RIGHT;RIGHT;LEFT;RIGHT;UP;UP;RIGHT,16
0.5,42,A,"(1,1);(2,1);(2,2);(2,3);(2,4);(2,5);(2,4);(2,5);(3,5);(4,5);(4,4);(5,4);(5,5)",RIGHT;UP;UP;UP;UP;DOWN;UP;RIGHT;RIGHT;DOWN;RIGHT;UP,12
0.5,43,A,"(1,1);(1,1);(2,1);(2,1);(3,1);(4,1);(4,2);(5,2);(5,2);(5,1);(5,2);(5,1);(5,1);(5,2);(5,2);(4,2);(4,3);(4,3);(4,4);(4,5);(5,5)",DOWN;RIGHT;DOWN;RIGHT;RIGHT;UP;RIGHT;RIGHT;DOWN;UP;DOWN;RIGHT;UP;RIGHT;LEFT;UP;LEFT;UP;UP;RIGHT,20
0.5,44,A,"(1,1);(1,2);(1,1);(2,1);(3,1);(3,2);(2,2);(2,3);(2,4);(1,4);(1,4);(2,4);(2,5);(3,5);(3,5);(3,5);(4,5);(5,5)",UP;DOWN;RIGHT;RIGHT;UP;LEFT;UP;UP;LEFT;LEFT;RIGHT;UP;RIGHT;UP;UP;RIGHT;RIGHT,17
0.5,45,A,"(1,1);(1,1);(1,1);(1,1);(1,1);(1,2);(1,2);(1,1);(1,1);(1,1);(2,1);(3,1);(2,1);(3,1);(3,2);(4,2);(4,3);(4,4);(4,5);(3,5);(2,5);(3,5);(3,5);(2,5);(3,5);(4,5);(5,5)",DOWN;LEFT;DOWN;LEFT;UP;LEFT;DOWN;DOWN;LEFT;RIGHT;RIGHT;LEFT;RIGHT;UP;RIGHT;UP;UP;UP;LEFT;LEFT;RIGHT;UP;LEFT;RIGHT;RIGHT;RIGHT,26
0.5,46,A,"(1,1);(1,1);(2,1);(1,1);(1,1);(1,2);(2,2);(3,2);(3,1);(3,1);(3,2);(2,2);(2,3);(1,3);(1,2);(1,2);(2,2);(3,2);(4,2);(4,3);(4,4);(5,4);(5,4);(5,4);(4,4);(4,5);(5,5)",LEFT;RIGHT;LEFT;DOWN;UP;RIGHT;RIGHT;DOWN;DOWN;UP;LEFT;UP;LEFT;DOWN;LEFT;RIGHT;RIGHT;RIGHT;UP;UP;RIGHT;RIGHT;RIGHT;LEFT;UP;RIGHT,26
0.5,47,A,"(1,1);(1,2);(2,2);(3,2);(3,1);(3,2);(4,2);(3,2);(3,2);(3,2);(3,2);(4,2);(4,3);(4,4);(4,5);(5,5)",UP;RIGHT;RIGHT;DOWN;UP;RIGHT;LEFT;UP;UP;UP;RIGHT;UP;UP;UP;RIGHT,15
0.5,48,A,"(1,1);(1,1);(1,2);(2,2);(2,3);(1,3);(1,4);(1,3);(1,4);(2,4);(3,4);(4,4);(4,5);(4,4);(3,4);(3,5);(3,4);(2,4);(3,4);(3,5);(3,5);(3,5);(4,5);(3,5);(4,5);(5,5)",DOWN;UP;RIGHT;UP;LEFT;UP;DOWN;UP;RIGHT;RIGHT;RIGHT;UP;DOWN;LEFT;UP;DOWN;LEFT;RIGHT;UP;UP;UP;RIGHT;LEFT;RIGHT;RIGHT,25
0.5,49,A,"(1,1);(1,1);(2,1);(1,1);(1,1);(1,1);(1,2);(2,2);(2,3);(2,4);(2,5);(2,5);(2,5);(1,5);(1,5);(1,5);(2,5);(2,4);(2,3);(2,4);(2,5);(2,4);(2,5);(3,5);(4,5);(5,5)",DOWN;RIGHT;LEFT;DOWN;LEFT;UP;RIGHT;UP;UP;UP;UP;UP;LEFT;UP;LEFT;RIGHT;DOWN;DOWN;UP;UP;DOWN;UP;RIGHT;RIGHT;RIGHT,25
0.5,50,A,"(1,1);(2,1);(2,1);(2,2);(2,3);(2,2);(3,2);(4,2);(4,3);(5,3);(5,4);(5,5)",RIGHT;DOWN;UP;UP;DOWN;RIGHT;RIGHT;UP;RIGHT;UP;UP,11
1.0,51,A,"(1,1);(1,1);(2,1);(3,1);(3,2);(4,2);(5,2);(5,3);(4,3);(4,4);(4,5);(5,5)",DOWN;RIGHT;RIGHT;UP;RIGHT;RIGHT;UP;LEFT;UP;UP;RIGHT,11
1.0,52,A,"(1,1);(1,2);(1,3);(1,4);(1,4);(2,4);(3,4);(2,4);(3,4);(4,4);(4,3);(5,3);(4,3);(4,4);(4,5);(4,5);(4,5);(3,5);(4,5);(4,5);(5,5)",UP;UP;UP;LEFT;RIGHT;RIGHT;LEFT;RIGHT;RIGHT;DOWN;RIGHT;LEFT;UP;UP;UP;UP;LEFT;RIGHT;UP;RIGHT,20
1.0,53,A,"(1,1);(1,2);(1,3);(2,3);(2,4);(3,4);(4,4);(4,3);(4,3);(5,3);(5,4);(5,5)",UP;UP;RIGHT;UP;RIGHT;RIGHT;DOWN;LEFT;RIGHT;UP;UP,11
1.0,54,A,"(1,1);(2,1);(2,2);(2,3);(2,3);(2,3);(2,4);(3,4);(4,4);(4,5);(5,5)",RIGHT;UP;UP;RIGHT;RIGHT;UP;RIGHT;RIGHT;UP;RIGHT,10
1.0,55,A,"(1,1);(1,1);(2,1);(3,1);(4,1);(4,2);(4,3);(4,3);(4,3);(5,3);(5,4);(5,5)",DOWN;RIGHT;RIGHT;RIGHT;UP;UP;LEFT;LEFT;RIGHT;UP;UP,11
1.0,56,A,"(1,1);(2,1);(3,1);(4,1);(4,1);(4,2);(5,2);(5,3);(5,4);(5,5)",RIGHT;RIGHT;RIGHT;DOWN;UP;RIGHT;UP;UP;UP,9
1.0,57,A,"(1,1);(1,2);(1,2);(2,2);(1,2);(2,2);(2,3);(2,4);(3,4);(3,5);(4,5);(4,5);(3,5);(3,4);(4,4);(4,5);(4,5);(5,5)",UP;LEFT;RIGHT;LEFT;RIGHT;UP;UP;RIGHT;UP;RIGHT;UP;LEFT;DOWN;RIGHT;UP;UP;RIGHT,17
1.0,58,A,"(1,1);(1,2);(1,3);(1,4);(1,4);(2,4);(3,4);(4,4);(5,4);(4,4);(5,4);(5,5)",UP;UP;UP;LEFT;RIGHT;RIGHT;RIGHT;RIGHT;LEFT;RIGHT;UP,11
1.0,59,A,"(1,1);(1,1);(1,2);(2,2);(3,2);(3,2);(3,2);(4,2);(4,1);(5,1);(5,1);(5,2);(5,2);(5,3);(5,4);(5,4);(5,5)",LEFT;UP;RIGHT;RIGHT;UP;UP;RIGHT;DOWN;RIGHT;RIGHT;UP;RIGHT;UP;UP;RIGHT;UP,16
1.0,60,A,"(1,1);(1,2);(1,2);(1,1);(2,1);(2,1);(2,2);(2,3);(2,4);(3,4);(3,5);(4,5);(5,5)",UP;LEFT;DOWN;RIGHT;DOWN;UP;UP;UP;RIGHT;UP;RIGHT;RIGHT,12
1.0,61,A,"(1,1);(1,1);(1,2);(1,3);(2,3);(2,4);(3,4);(3,4);(4,4);(4,5);(4,5);(5,5)",LEFT;UP;UP;RIGHT;UP;RIGHT;DOWN;RIGHT;UP;UP;RIGHT,11
1.0,62,A,"(1,1);(2,1);(2,2);(3,2);(4,2);(5,2);(5,3);(5,4);(5,3);(5,4);(5,5)",RIGHT;UP;RIGHT;RIGHT;RIGHT;UP;UP;DOWN;UP;UP,10
1.0,63,A,"(1,1);(1,1);(2,1);(2,2);(2,3);(2,4);(2,5);(3,5);(2,5);(3,5);(3,5);(4,5);(5,5)",DOWN;RIGHT;UP;UP;UP;UP;RIGHT;LEFT;RIGHT;UP;RIGHT;RIGHT,12
1.0,64,A,"(1,1);(2,1);(1,1);(1,2);(1,3);(1,4);(1,4);(2,4);(3,4);(4,4);(5,4);(5,5)",RIGHT;LEFT;UP;UP;UP;LEFT;RIGHT;RIGHT;RIGHT;RIGHT;UP,11
1.0,65,A,"(1,1);(1,2);(1,3);(2,3);(2,4);(3,4);(4,4);(4,5);(5,5)",UP;UP;RIGHT;UP;RIGHT;RIGHT;UP;RIGHT,8
1.0,66,A,"(1,1);(1,1);(1,2);(1,3);(1,4);(1,5);(1,5);(1,5);(1,5);(2,5);(3,5);(4,5);(5,5)",LEFT;UP;UP;UP;UP;UP;LEFT;UP;RIGHT;RIGHT;RIGHT;RIGHT,12
1.0,67,A,"(1,1);(2,1);(3,1);(4,1);(4,2);(5,2);(5,3);(5,4);(5,5)",RIGHT;RIGHT;RIGHT;UP;RIGHT;UP;UP;UP,8
1.0,68,A,"(1,1);(2,1);(2,2);(2,3);(2,2);(2,3);(2,4);(3,4);(4,4);(5,4);(5,5)",RIGHT;UP;UP;DOWN;UP;UP;RIGHT;RIGHT;RIGHT;UP,10
1.0,69,A,"(1,1);(1,2);(1,3);(1,4);(1,5);(2,5);(3,5);(4,5);(5,5)",UP;UP;UP;UP;RIGHT;RIGHT;RIGHT;RIGHT,8
1.0,70,A,"(1,1);(1,2);(1,1);(2,1);(2,2);(2,3);(2,3);(2,4);(2,5);(1,5);(1,4);(1,5);(1,5);(1,5);(1,5);(2,5);(2,5);(2,5);(3,5);(3,5);(4,5);(5,5)",UP;DOWN;RIGHT;UP;UP;RIGHT;UP;UP;LEFT;DOWN;UP;LEFT;UP;UP;RIGHT;UP;UP;RIGHT;UP;RIGHT;RIGHT,21
1.0,71,A,"(1,1);(2,1);(3,1);(4,1);(4,2);(5,2);(5,3);(5,3);(5,4);(5,5)",RIGHT;RIGHT;RIGHT;UP;RIGHT;UP;RIGHT;UP;UP,9
1.0,72,A,"(1,1);(1,2);(1,3);(1,4);(2,4);(3,4);(4,4);(5,4);(5,5)",UP;UP;UP;RIGHT;RIGHT;RIGHT;RIGHT;UP,8
1.0,73,A,"(1,1);(1,1);(2,1);(3,1);(3,2);(4,2);(3,2);(4,2);(5,2);(5,3);(5,4);(5,5)",LEFT;RIGHT;RIGHT;UP;RIGHT;LEFT;RIGHT;RIGHT;UP;UP;UP,11
1.0,74,A,"(1,1);(2,1);(2,1);(3,1);(3,2);(4,2);(4,3);(5,3);(5,3);(5,4);(5,5)",RIGHT;DOWN;RIGHT;UP;RIGHT;UP;RIGHT;RIGHT;UP;UP,10
1.0,75,A,"(1,1);(1,2);(1,2);(1,2);(1,3);(2,3);(2,4);(3,4);(4,4);(5,4);(5,5)",UP;LEFT;LEFT;UP;RIGHT;UP;RIGHT;RIGHT;RIGHT;UP,10
1.0,76,A,"(1,1);(1,2);(2,2);(2,3);(2,4);(2,5);(3,5);(4,5);(5,5)",UP;RIGHT;UP;UP;UP;RIGHT;RIGHT;RIGHT,8
1.0,77,A,"(1,1);(2,1);(3,1);(4,1);(4,1);(5,1);(5,1);(5,2);(5,2);(5,3);(5,3);(5,3);(5,4);(5,4);(5,5)",RIGHT;RIGHT;RIGHT;DOWN;RIGHT;DOWN;UP;RIGHT;UP;RIGHT;RIGHT;UP;RIGHT;UP,14
1.0,78,A,"(1,1);(1,2);(1,2);(1,3);(2,3);(2,3);(2,4);(3,4);(4,4);(4,5);(4,5);(5,5)",UP;LEFT;UP;RIGHT;RIGHT;UP;RIGHT;RIGHT;UP;UP;RIGHT,11
1.0,79,A,"(1,1);(2,1);(3,1);(3,2);(3,1);(3,2);(2,2);(1,2);(1,3);(2,3);(2,4);(2,5);(1,5);(2,5);(1,5);(2,5);(3,5);(4,5);(5,5)",RIGHT;RIGHT;UP;DOWN;UP;LEFT;LEFT;UP;RIGHT;UP;UP;LEFT;RIGHT;LEFT;RIGHT;RIGHT;RIGHT;RIGHT,18
1.0,80,A,"(1,1);(2,1);(3,1);(4,1);(3,1);(4,1);(4,2);(5,2);(5,1);(5,1);(5,2);(5,3);(5,3);(5,3);(5,3);(5,4);(5,5)",RIGHT;RIGHT;RIGHT;LEFT;RIGHT;UP;RIGHT;DOWN;DOWN;UP;UP;RIGHT;RIGHT;RIGHT;UP;UP,16
1.0,81,A,"(1,1);(1,1);(2,1);(2,2);(3,2);(4,2);(4,3);(5,3);(5,4);(5,5)",DOWN;RIGHT;UP;RIGHT;RIGHT;UP;RIGHT;UP;UP,9
1.0,82,A,"(1,1);(2,1);(2,2);(3,2);(4,2);(5,2);(5,2);(5,3);(5,2);(5,3);(5,3);(5,3);(5,2);(4,2);(4,3);(4,3);(4,4);(4,5);(5,5)",RIGHT;UP;RIGHT;RIGHT;RIGHT;RIGHT;UP;DOWN;UP;RIGHT;RIGHT;DOWN;LEFT;UP;LEFT;UP;UP;RIGHT,18
1.0,83,A,"(1,1);(1,2);(1,1);(1,2);(1,3);(2,3);(2,4);(2,5);(3,5);(4,5);(5,5)",UP;DOWN;UP;UP;RIGHT;UP;UP;RIGHT;RIGHT;RIGHT,10
1.0,84,A,"(1,1);(2,1);(3,1);(3,2);(3,1);(3,2);(3,2);(4,2);(5,2);(5,3);(5,4);(5,5)",RIGHT;RIGHT;UP;DOWN;UP;UP;RIGHT;RIGHT;UP;UP;UP,11
1.0,85,A,"(1,1);(2,1);(2,1);(2,1);(2,1);(2,1);(2,2);(3,2);(3,2);(4,2);(5,2);(5,2);(5,3);(5,4);(5,5)",RIGHT;DOWN;DOWN;DOWN;DOWN;UP;RIGHT;UP;RIGHT;RIGHT;RIGHT;UP;UP;UP,14
1.0,86,A,"(1,1);(1,2);(2,2);(1,2);(2,2);(3,2);(4,2);(5,2);(5,3);(5,3);(5,4);(5,5)",UP;RIGHT;LEFT;RIGHT;RIGHT;RIGHT;RIGHT;UP;RIGHT;UP;UP,11
1.0,87,A,"(1,1);(1,1);(1,2);(1,3);(1,3);(2,3);(2,4);(3,4);(3,4);(3,5);(4,5);(4,5);(5,5)",DOWN;UP;UP;LEFT;RIGHT;UP;RIGHT;DOWN;UP;RIGHT;UP;RIGHT,12
1.0,88,A,"(1,1);(1,2);(1,3);(1,3);(1,2);(1,2);(1,3);(1,4);(2,4);(2,5);(1,5);(2,5);(3,5);(4,5);(5,5)",UP;UP;LEFT;DOWN;LEFT;UP;UP;RIGHT;UP;LEFT;RIGHT;RIGHT;RIGHT;RIGHT,14
1.0,89,A,"(1,1);(1,2);(1,3);(2,3);(2,3);(2,4);(2,5);(3,5);(4,5);(4,5);(4,5);(5,5)",UP;UP;RIGHT;RIGHT;UP;UP;RIGHT;RIGHT;UP;UP;RIGHT,11
1.0,90,A,"(1,1);(2,1);(2,1);(2,2);(3,2);(3,2);(4,2);(4,3);(4,4);(4,5);(5,5)",RIGHT;DOWN;UP;RIGHT;UP;RIGHT;UP;UP;UP;RIGHT,10
1.0,91,A,"(1,1);(2,1);(2,2);(3,2);(4,2);(5,2);(5,3);(5,2);(5,3);(5,4);(5,4);(5,5)",RIGHT;UP;RIGHT;RIGHT;RIGHT;UP;DOWN;UP;UP;RIGHT;UP,11
1.0,92,A,"(1,1);(1,2);(1,2);(2,2);(2,3);(2,4);(2,5);(2,4);(3,4);(3,5);(3,5);(4,5);(5,5)",UP;LEFT;RIGHT;UP;UP;UP;DOWN;RIGHT;UP;UP;RIGHT;RIGHT,12
1.0,93,A,"(1,1);(1,2);(1,3);(2,3);(2,4);(2,5);(3,5);(3,5);(3,4);(4,4);(3,4);(3,5);(3,5);(4,5);(4,5);(5,5)",UP;UP;RIGHT;UP;UP;RIGHT;UP;DOWN;RIGHT;LEFT;UP;UP;RIGHT;UP;RIGHT,15
1.0,94,A,"(1,1);(1,2);(2,2);(2,3);(2,4);(2,5);(3,5);(2,5);(3,5);(4,5);(4,4);(5,4);(5,5)",UP;RIGHT;UP;UP;UP;RIGHT;LEFT;RIGHT;RIGHT;DOWN;RIGHT;UP,12
1.0,95,A,"(1,1);(1,2);(2,2);(2,3);(2,4);(2,5);(3,5);(3,4);(3,5);(4,5);(3,5);(4,5);(4,5);(3,5);(4,5);(5,5)",UP;RIGHT;UP;UP;UP;RIGHT;DOWN;UP;RIGHT;LEFT;RIGHT;UP;LEFT;RIGHT;RIGHT,15
1.0,96,A,"(1,1);(1,2);(1,1);(1,2);(2,2);(3,2);(4,2);(5,2);(5,2);(5,3);(5,4);(5,5)",UP;DOWN;UP;RIGHT;RIGHT;RIGHT;RIGHT;RIGHT;UP;UP;UP,11
1.0,97,A,"(1,1);(1,2);(1,3);(1,4);(1,5);(2,5);(2,5);(3,5);(4,5);(4,5);(3,5);(4,5);(3,5);(2,5);(3,5);(4,5);(5,5)",UP;UP;UP;UP;RIGHT;UP;RIGHT;RIGHT;UP;LEFT;RIGHT;LEFT;LEFT;RIGHT;RIGHT;RIGHT,16
1.0,98,A,"(1,1);(1,2);(1,2);(2,2);(2,3);(2,4);(3,4);(3,4);(3,4);(4,4);(4,5);(5,5)",UP;LEFT;RIGHT;UP;UP;RIGHT;DOWN;DOWN;RIGHT;UP;RIGHT,11
1.0,99,A,"(1,1);(1,2);(2,2);(2,1);(2,2);(2,3);(2,4);(3,4);(3,5);(4,5);(4,5);(3,5);(4,5);(3,5);(3,5);(4,5);(5,5)",UP;RIGHT;DOWN;UP;UP;UP;RIGHT;UP;RIGHT;UP;LEFT;RIGHT;LEFT;UP;RIGHT;RIGHT,16
1.0,100,A,"(1,1);(1,2);(2,2);(3,2);(3,2);(4,2);(4,3);(4,4);(5,4);(5,5)",UP;RIGHT;RIGHT;UP;RIGHT;UP;UP;RIGHT;UP,9
3.0,101,A,"(1,1);(1,2);(2,2);(3,2);(4,2);(4,3);(4,4);(5,4);(5,4);(5,5)",UP;RIGHT;RIGHT;RIGHT;UP;UP;RIGHT;RIGHT;UP,9
3.0,102,A,"(1,1);(2,1);(2,2);(2,3);(2,4);(3,4);(3,5);(3,5);(4,5);(5,5)",RIGHT;UP;UP;UP;RIGHT;UP;UP;RIGHT;RIGHT,9
3.0,103,A,"(1,1);(1,2);(2,2);(3,2);(4,2);(4,3);(5,3);(5,4);(5,5)",UP;RIGHT;RIGHT;RIGHT;UP;RIGHT;UP;UP,8
3.0,104,A,"(1,1);(1,2);(1,3);(1,4);(2,4);(3,4);(3,5);(4,5);(5,5)",UP;UP;UP;RIGHT;RIGHT;UP;RIGHT;RIGHT,8
3.0,105,A,"(1,1);(2,1);(3,1);(3,2);(4,2);(4,3);(5,3);(5,4);(5,5)",RIGHT;RIGHT;UP;RIGHT;UP;RIGHT;UP;UP,8
3.0,106,A,"(1,1);(2,1);(3,1);(4,1);(4,2);(4,3);(5,3);(5,4);(5,5)",RIGHT;RIGHT;RIGHT;UP;UP;RIGHT;UP;UP,8
3.0,107,A,"(1,1);(2,1);(2,2);(3,2);(4,2);(5,2);(5,3);(5,4);(5,5)",RIGHT;UP;RIGHT;RIGHT;RIGHT;UP;UP;UP,8
3.0,108,A,"(1,1);(1,2);(1,3);(2,3);(2,4);(3,4);(3,5);(3,5);(4,5);(5,5)",UP;UP;RIGHT;UP;RIGHT;UP;UP;RIGHT;RIGHT,9
3.0,109,A,"(1,1);(2,1);(3,1);(3,2);(4,2);(5,2);(5,3);(5,4);(5,5)",RIGHT;RIGHT;UP;RIGHT;RIGHT;UP;UP;UP,8
3.0,110,A,"(1,1);(2,1);(2,2);(2,3);(2,4);(3,4);(4,4);(4,5);(5,5)",RIGHT;UP;UP;UP;RIGHT;RIGHT;UP;RIGHT,8
3.0,111,A,"(1,1);(2,1);(3,1);(3,2);(4,2);(5,2);(5,3);(5,4);(5,5)",RIGHT;RIGHT;UP;RIGHT;RIGHT;UP;UP;UP,8
3.0,112,A,"(1,1);(1,2);(2,2);(3,2);(4,2);(4,3);(4,4);(4,5);(5,5)",UP;RIGHT;RIGHT;RIGHT;UP;UP;UP;RIGHT,8
3.0,113,A,"(1,1);(1,2);(1,3);(2,3);(2,4);(3,4);(4,4);(4,5);(5,5)",UP;UP;RIGHT;UP;RIGHT;RIGHT;UP;RIGHT,8
3.0,114,A,"(1,1);(1,2);(1,3);(1,4);(1,5);(2,5);(3,5);(4,5);(5,5)",UP;UP;UP;UP;RIGHT;RIGHT;RIGHT;RIGHT,8
3.0,115,A,"(1,1);(1,2);(2,2);(3,2);(4,2);(4,3);(5,3);(5,4);(5,5)",UP;RIGHT;RIGHT;RIGHT;UP;RIGHT;UP;UP,8
3.0,116,A,"(1,1);(1,2);(2,2);(2,3);(2,4);(2,5);(3,5);(4,5);(5,5)",UP;RIGHT;UP;UP;UP;RIGHT;RIGHT;RIGHT,8
3.0,117,A,"(1,1);(2,1);(2,2);(2,3);(2,4);(2,5);(3,5);(4,5);(5,5)",RIGHT;UP;UP;UP;UP;RIGHT;RIGHT;RIGHT,8
3.0,118,A,"(1,1);(2,1);(3,1);(3,2);(4,2);(4,3);(4,3);(5,3);(5,4);(5,5)",RIGHT;RIGHT;UP;RIGHT;UP;LEFT;RIGHT;UP;UP,9
3.0,119,A,"(1,1);(2,1);(2,2);(3,2);(4,2);(4,3);(5,3);(5,4);(5,5)",RIGHT;UP;RIGHT;RIGHT;UP;RIGHT;UP;UP,8
3.0,120,A,"(1,1);(1,2);(2,2);(2,3);(2,4);(3,4);(4,4);(5,4);(5,5)",UP;RIGHT;UP;UP;RIGHT;RIGHT;RIGHT;UP,8
3.0,121,A,"(1,1);(1,2);(1,3);(1,4);(2,4);(2,5);(3,5);(4,5);(5,5)",UP;UP;UP;RIGHT;UP;RIGHT;RIGHT;RIGHT,8
3.0,122,A,"(1,1);(1,2);(1,3);(1,4);(1,5);(2,5);(3,5);(4,5);(5,5)",UP;UP;UP;UP;RIGHT;RIGHT;RIGHT;RIGHT,8
3.0,123,A,"(1,1);(1,2);(1,3);(2,3);(2,4);(3,4);(4,4);(5,4);(5,5)",UP;UP;RIGHT;UP;RIGHT;RIGHT;RIGHT;UP,8
3.0,124,A,"(1,1);(2,1);(3,1);(3,2);(4,2);(4,3);(4,4);(4,5);(5,5)",RIGHT;RIGHT;UP;RIGHT;UP;UP;UP;RIGHT,8
3.0,125,A,"(1,1);(1,2);(1,3);(1,4);(1,5);(2,5);(3,5);(4,5);(5,5)",UP;UP;UP;UP;RIGHT;RIGHT;RIGHT;RIGHT,8
3.0,126,A,"(1,1);(1,2);(1,3);(2,3);(2,4);(2,5);(3,5);(4,5);(4,4);(4,5);(5,5)",UP;UP;RIGHT;UP;UP;RIGHT;RIGHT;DOWN;UP;RIGHT,10
3.0,127,A,"(1,1);(2,1);(2,2);(3,2);(4,2);(4,3);(5,3);(5,4);(5,5)",RIGHT;UP;RIGHT;RIGHT;UP;RIGHT;UP;UP,8
3.0,128,A,"(1,1);(2,1);(3,1);(4,1);(4,2);(5,2);(5,3);(5,4);(5,5)",RIGHT;RIGHT;RIGHT;UP;RIGHT;UP;UP;UP,8
3.0,129,A,"(1,1);(1,1);(2,1);(3,1);(4,1);(4,2);(4,3);(5,3);(5,4);(5,5)",DOWN;RIGHT;RIGHT;RIGHT;UP;UP;RIGHT;UP;UP,9
3.0,130,A,"(1,1);(1,2);(2,2);(3,2);(4,2);(4,3);(4,4);(4,5);(4,5);(5,5)",UP;RIGHT;RIGHT;RIGHT;UP;UP;UP;UP;RIGHT,9
3.0,131,A,"(1,1);(1,2);(1,3);(1,4);(1,5);(2,5);(3,5);(4,5);(5,5)",UP;UP;UP;UP;RIGHT;RIGHT;RIGHT;RIGHT,8
3.0,132,A,"(1,1);(2,1);(3,1);(4,1);(4,2);(5,2);(5,3);(5,4);(5,5)",RIGHT;RIGHT;RIGHT;UP;RIGHT;UP;UP;UP,8
3.0,133,A,"(1,1);(1,2);(2,2);(3,2);(4,2);(5,2);(5,2);(5,3);(5,4);(5,5)",UP;RIGHT;RIGHT;RIGHT;RIGHT;RIGHT;UP;UP;UP,9
3.0,134,A,"(1,1);(2,1);(3,1);(4,1);(5,1);(5,2);(5,3);(5,3);(5,4);(5,5)",RIGHT;RIGHT;RIGHT;RIGHT;UP;UP;RIGHT;UP;UP,9
3.0,135,A,"(1,1);(2,1);(3,1);(3,2);(4,2);(5,2);(5,3);(5,4);(5,4);(5,5)",RIGHT;RIGHT;UP;RIGHT;RIGHT;UP;UP;RIGHT;UP,9
3.0,136,A,"(1,1);(2,1);(2,1);(2,2);(3,2);(4,2);(4,3);(5,3);(5,4);(5,5)",RIGHT;DOWN;UP;RIGHT;RIGHT;UP;RIGHT;UP;UP,9
3.0,137,A,"(1,1);(2,1);(2,2);(2,3);(2,4);(3,4);(4,4);(5,4);(5,5)",RIGHT;UP;UP;UP;RIGHT;RIGHT;RIGHT;UP,8
3.0,138,A,"(1,1);(2,1);(3,1);(4,1);(5,1);(5,2);(5,3);(5,4);(5,5)",RIGHT;RIGHT;RIGHT;RIGHT;UP;UP;UP;UP,8
3.0,139,A,"(1,1);(1,2);(1,3);(1,4);(2,4);(2,5);(3,5);(3,5);(4,5);(5,5)",UP;UP;UP;RIGHT;UP;RIGHT;UP;RIGHT;RIGHT,9
3.0,140,A,"(1,1);(1,2);(1,3);(1,3);(1,4);(2,4);(3,4);(4,4);(4,5);(5,5)",UP;UP;LEFT;UP;RIGHT;RIGHT;RIGHT;UP;RIGHT,9
3.0,141,A,"(1,1);(1,2);(1,3);(2,3);(2,4);(2,5);(3,5);(4,5);(5,5)",UP;UP;RIGHT;UP;UP;RIGHT;RIGHT;RIGHT,8
3.0,142,A,"(1,1);(2,1);(3,1);(4,1);(5,1);(5,2);(5,3);(5,4);(5,3);(5,4);(5,5)",RIGHT;RIGHT;RIGHT;RIGHT;UP;UP;UP;DOWN;UP;UP,10
3.0,143,A,"(1,1);(2,1);(3,1);(4,1);(5,1);(5,2);(5,3);(5,4);(5,5)",RIGHT;RIGHT;RIGHT;RIGHT;UP;UP;UP;UP,8
3.0,144,A,"(1,1);(1,2);(2,2);(2,3);(2,4);(2,5);(3,5);(4,5);(5,5)",UP;RIGHT;UP;UP;UP;RIGHT;RIGHT;RIGHT,8
3.0,145,A,"(1,1);(1,2);(2,2);(2,3);(2,4);(2,5);(3,5);(4,5);(5,5)",UP;RIGHT;UP;UP;UP;RIGHT;RIGHT;RIGHT,8
3.0,146,A,"(1,1);(2,1);(2,2);(2,3);(2,3);(2,4);(2,5);(3,5);(4,5);(5,5)",RIGHT;UP;UP;RIGHT;UP;UP;RIGHT;RIGHT;RIGHT,9
3.0,147,A,"(1,1);(2,1);(2,2);(3,2);(4,2);(4,3);(5,3);(5,4);(5,5)",RIGHT;UP;RIGHT;RIGHT;UP;RIGHT;UP;UP,8
3.0,148,A,"(1,1);(2,1);(2,2);(2,3);(2,4);(3,4);(4,4);(4,5);(5,5)",RIGHT;UP;UP;UP;RIGHT;RIGHT;UP;RIGHT,8
3.0,149,A,"(1,1);(2,1);(3,1);(3,2);(4,2);(4,3);(4,4);(5,4);(5,5)",RIGHT;RIGHT;UP;RIGHT;UP;UP;RIGHT;UP,8
3.0,150,A,"(1,1);(2,1);(2,2);(2,3);(2,4);(3,4);(3,5);(4,5);(5,5)",RIGHT;UP;UP;UP;RIGHT;UP;RIGHT;RIGHT,8
8.0,151,A,"(1,1);(2,1);(2,2);(3,2);(4,2);(5,2);(5,3);(5,4);(5,5)",RIGHT;UP;RIGHT;RIGHT;RIGHT;UP;UP;UP,8
8.0,152,A,"(1,1);(2,1);(2,2);(2,3);(2,4);(3,4);(4,4);(4,5);(5,5)",RIGHT;UP;UP;UP;RIGHT;RIGHT;UP;RIGHT,8
8.0,153,A,"(1,1);(2,1);(3,1);(3,2);(4,2);(5,2);(5,3);(5,4);(5,5)",RIGHT;RIGHT;UP;RIGHT;RIGHT;UP;UP;UP,8
8.0,154,A,"(1,1);(1,2);(1,3);(2,3);(2,4);(2,5);(3,5);(4,5);(5,5)",UP;UP;RIGHT;UP;UP;RIGHT;RIGHT;RIGHT,8
8.0,155,A,"(1,1);(2,1);(2,2);(2,3);(2,4);(2,5);(3,5);(4,5);(5,5)",RIGHT;UP;UP;UP;UP;RIGHT;RIGHT;RIGHT,8
8.0,156,A,"(1,1);(1,2);(2,2);(3,2);(4,2);(4,3);(5,3);(5,4);(5,5)",UP;RIGHT;RIGHT;RIGHT;UP;RIGHT;UP;UP,8
8.0,157,A,"(1,1);(2,1);(3,1);(3,2);(4,2);(4,3);(4,4);(4,5);(5,5)",RIGHT;RIGHT;UP;RIGHT;UP;UP;UP;RIGHT,8
8.0,158,A,"(1,1);(1,2);(2,2);(3,2);(4,2);(5,2);(5,3);(5,4);(5,5)",UP;RIGHT;RIGHT;RIGHT;RIGHT;UP;UP;UP,8
8.0,159,A,"(1,1);(1,2);(2,2);(2,3);(2,4);(3,4);(3,5);(4,5);(5,5)",UP;RIGHT;UP;UP;RIGHT;UP;RIGHT;RIGHT,8
8.0,160,A,"(1,1);(1,2);(1,3);(2,3);(2,4);(2,5);(3,5);(4,5);(5,5)",UP;UP;RIGHT;UP;UP;RIGHT;RIGHT;RIGHT,8
8.0,161,A,"(1,1);(2,1);(2,2);(3,2);(4,2);(4,3);(5,3);(5,4);(5,5)",RIGHT;UP;RIGHT;RIGHT;UP;RIGHT;UP;UP,8
8.0,162,A,"(1,1);(1,2);(1,3);(2,3);(2,4);(3,4);(3,5);(4,5);(5,5)",UP;UP;RIGHT;UP;RIGHT;UP;RIGHT;RIGHT,8
8.0,163,A,"(1,1);(2,1);(3,1);(3,2);(4,2);(5,2);(5,3);(5,4);(5,5)",RIGHT;RIGHT;UP;RIGHT;RIGHT;UP;UP;UP,8
8.0,164,A,"(1,1);(1,2);(1,3);(2,3);(2,4);(3,4);(4,4);(4,5);(5,5)",UP;UP;RIGHT;UP;RIGHT;RIGHT;UP;RIGHT,8
8.0,165,A,"(1,1);(2,1);(2,2);(3,2);(4,2);(5,2);(5,3);(5,4);(5,5)",RIGHT;UP;RIGHT;RIGHT;RIGHT;UP;UP;UP,8
8.0,166,A,"(1,1);(1,2);(2,2);(2,3);(2,4);(3,4);(3,5);(4,5);(5,5)",UP;RIGHT;UP;UP;RIGHT;UP;RIGHT;RIGHT,8
8.0,167,A,"(1,1);(2,1);(3,1);(4,1);(5,1);(5,2);(5,3);(5,4);(5,5)",RIGHT;RIGHT;RIGHT;RIGHT;UP;UP;UP;UP,8
8.0,168,A,"(1,1);(1,2);(1,3);(1,4);(2,4);(2,5);(3,5);(4,5);(5,5)",UP;UP;UP;RIGHT;UP;RIGHT;RIGHT;RIGHT,8
8.0,169,A,"(1,1);(2,1);(3,1);(4,1);(4,2);(4,3);(4,4);(4,5);(5,5)",RIGHT;RIGHT;RIGHT;UP;UP;UP;UP;RIGHT,8
8.0,170,A,"(1,1);(1,2);(2,2);(2,3);(2,4);(3,4);(3,5);(4,5);(5,5)",UP;RIGHT;UP;UP;RIGHT;UP;RIGHT;RIGHT,8
8.0,171,A,"(1,1);(2,1);(3,1);(4,1);(4,2);(5,2);(5,3);(5,4);(5,5)",RIGHT;RIGHT;RIGHT;UP;RIGHT;UP;UP;UP,8
8.0,172,A,"(1,1);(2,1);(2,2);(2,3);(2,4);(2,5);(3,5);(4,5);(5,5)",RIGHT;UP;UP;UP;UP;RIGHT;RIGHT;RIGHT,8
8.0,173,A,"(1,1);(2,1);(2,2);(3,2);(4,2);(4,3);(4,4);(4,5);(5,5)",RIGHT;UP;RIGHT;RIGHT;UP;UP;UP;RIGHT,8
8.0,174,A,"(1,1);(2,1);(3,1);(4,1);(5,1);(5,2);(5,3);(5,4);(5,5)",RIGHT;RIGHT;RIGHT;RIGHT;UP;UP;UP;UP,8
8.0,175,A,"(1,1);(1,2);(2,2);(2,3);(2,4);(3,4);(3,5);(4,5);(5,5)",UP;RIGHT;UP;UP;RIGHT;UP;RIGHT;RIGHT,8
8.0,176,A,"(1,1);(1,2);(2,2);(3,2);(4,2);(5,2);(5,3);(5,4);(5,5)",UP;RIGHT;RIGHT;RIGHT;RIGHT;UP;UP;UP,8
8.0,177,A,"(1,1);(1,2);(1,3);(1,4);(1,5);(2,5);(3,5);(4,5);(5,5)",UP;UP;UP;UP;RIGHT;RIGHT;RIGHT;RIGHT,8
8.0,178,A,"(1,1);(1,2);(2,2);(2,3);(2,4);(3,4);(3,5);(4,5);(5,5)",UP;RIGHT;UP;UP;RIGHT;UP;RIGHT;RIGHT,8
8.0,179,A,"(1,1);(1,2);(2,2);(3,2);(4,2);(5,2);(5,3);(5,4);(5,5)",UP;RIGHT;RIGHT;RIGHT;RIGHT;UP;UP;UP,8
8.0,180,A,"(1,1);(2,1);(2,2);(2,3);(2,4);(2,5);(3,5);(4,5);(5,5)",RIGHT;UP;UP;UP;UP;RIGHT;RIGHT;RIGHT,8
8.0,181,A,"(1,1);(2,1);(2,2);(3,2);(4,2);(5,2);(5,3);(5,4);(5,5)",RIGHT;UP;RIGHT;RIGHT;RIGHT;UP;UP;UP,8
8.0,182,A,"(1,1);(2,1);(2,2);(3,2);(4,2);(5,2);(5,3);(5,4);(5,5)",RIGHT;UP;RIGHT;RIGHT;RIGHT;UP;UP;UP,8
8.0,183,A,"(1,1);(1,2);(2,2);(2,3);(2,4);(2,5);(3,5);(4,5);(5,5)",UP;RIGHT;UP;UP;UP;RIGHT;RIGHT;RIGHT,8
8.0,184,A,"(1,1);(2,1);(2,2);(2,3);(2,4);(3,4);(4,4);(4,5);(5,5)",RIGHT;UP;UP;UP;RIGHT;RIGHT;UP;RIGHT,8
8.0,185,A,"(1,1);(1,2);(1,3);(2,3);(2,4);(3,4);(3,5);(4,5);(5,5)",UP;UP;RIGHT;UP;RIGHT;UP;RIGHT;RIGHT,8
8.0,186,A,"(1,1);(1,2);(2,2);(3,2);(4,2);(5,2);(5,3);(5,4);(5,5)",UP;RIGHT;RIGHT;RIGHT;RIGHT;UP;UP;UP,8
8.0,187,A,"(1,1);(1,2);(1,3);(2,3);(2,4);(2,5);(3,5);(4,5);(5,5)",UP;UP;RIGHT;UP;UP;RIGHT;RIGHT;RIGHT,8
8.0,188,A,"(1,1);(2,1);(3,1);(3,2);(4,2);(4,3);(5,3);(5,4);(5,5)",RIGHT;RIGHT;UP;RIGHT;UP;RIGHT;UP;UP,8
8.0,189,A,"(1,1);(1,2);(1,3);(2,3);(2,4);(3,4);(4,4);(4,5);(5,5)",UP;UP;RIGHT;UP;RIGHT;RIGHT;UP;RIGHT,8
8.0,190,A,"(1,1);(1,2);(2,2);(2,3);(2,4);(3,4);(4,4);(5,4);(5,5)",UP;RIGHT;UP;UP;RIGHT;RIGHT;RIGHT;UP,8
8.0,191,A,"(1,1);(1,2);(2,2);(3,2);(4,2);(5,2);(5,3);(5,4);(5,5)",UP;RIGHT;RIGHT;RIGHT;RIGHT;UP;UP;UP,8
8.0,192,A,"(1,1);(1,2);(2,2);(3,2);(4,2);(4,3);(4,4);(5,4);(5,5)",UP;RIGHT;RIGHT;RIGHT;UP;UP;RIGHT;UP,8
8.0,193,A,"(1,1);(2,1);(2,2);(2,3);(2,4);(3,4);(3,5);(4,5);(5,5)",RIGHT;UP;UP;UP;RIGHT;UP;RIGHT;RIGHT,8
8.0,194,A,"(1,1);(1,2);(2,2);(2,3);(2,4);(3,4);(3,5);(4,5);(5,5)",UP;RIGHT;UP;UP;RIGHT;UP;RIGHT;RIGHT,8
8.0,195,A,"(1,1);(1,2);(1,3);(1,4);(2,4);(3,4);(4,4);(4,5);(5,5)",UP;UP;UP;RIGHT;RIGHT;RIGHT;UP;RIGHT,8
8.0,196,A,"(1,1);(2,1);(2,2);(2,3);(2,4);(2,5);(3,5);(4,5);(5,5)",RIGHT;UP;UP;UP;UP;RIGHT;RIGHT;RIGHT,8
8.0,197,A,"(1,1);(1,2);(1,3);(2,3);(2,4);(3,4);(3,5);(4,5);(5,5)",UP;UP;RIGHT;UP;RIGHT;UP;RIGHT;RIGHT,8
8.0,198,A,"(1,1);(2,1);(2,2);(3,2);(4,2);(5,2);(5,3);(5,4);(5,5)",RIGHT;UP;RIGHT;RIGHT;RIGHT;UP;UP;UP,8
8.0,199,A,"(1,1);(2,1);(3,1);(4,1);(4,2);(4,3);(5,3);(5,4);(5,5)",RIGHT;RIGHT;RIGHT;UP;UP;RIGHT;UP;UP,8
8.0,200,A,"(1,1);(1,2);(1,3);(1,4);(1,5);(2,5);(3,5);(4,5);(5,5)",UP;UP;UP;UP;RIGHT;RIGHT;RIGHT;RIGHT,8
0.5,201,B,"(1,1);(1,1);(1,1);(1,2);(1,3);(1,4);(1,5)",DOWN;DOWN;UP;UP;UP;UP,6
0.5,202,B,"(1,1);(1,2);(2,2);(1,2);(1,2);(1,2);(1,3);(1,3);(1,4);(1,5)",UP;RIGHT;LEFT;LEFT;LEFT;UP;LEFT;UP;UP,9
0.5,203,B,"(1,1);(1,2);(1,3);(1,3);(1,4);(2,4);(3,4);(2,4);(2,3);(1,3);(2,3);(2,3);(2,2);(2,1);(2,2);(2,1);(3,1);(3,1);(2,1);(1,1);(1,2);(2,2);(1,2);(1,3);(2,3);(2,4);(2,5);(1,5)",UP;UP;LEFT;UP;RIGHT;RIGHT;LEFT;DOWN;LEFT;RIGHT;RIGHT;DOWN;DOWN;UP;DOWN;RIGHT;DOWN;LEFT;LEFT;UP;RIGHT;LEFT;UP;RIGHT;UP;UP;LEFT,27
0.5,204,B,"(1,1);(1,2);(1,1);(1,2);(1,2);(1,3);(1,3);(1,3);(1,3);(1,3);(1,3);(1,3);(1,4);(1,5)",UP;DOWN;UP;LEFT;UP;LEFT;LEFT;LEFT;LEFT;LEFT;LEFT;UP;UP,13
0.5,205,B,"(1,1);(1,2);(1,2);(1,3);(1,3);(1,4);(1,3);(1,3);(1,4);(1,5)",UP;LEFT;UP;LEFT;UP;DOWN;LEFT;UP;UP,9
0.5,206,B,"(1,1);(1,1);(1,1);(1,1);(2,1);(2,2);(2,1);(2,2);(2,3);(1,3);(1,4);(2,4);(2,5);(3,5);(2,5);(2,4);(3,4);(2,4);(2,5);(1,5)",DOWN;LEFT;DOWN;RIGHT;UP;DOWN;UP;UP;LEFT;UP;RIGHT;UP;RIGHT;LEFT;DOWN;RIGHT;LEFT;UP;LEFT,19
0.5,207,B,"(1,1);(1,1);(1,1);(1,1);(1,1);(2,1);(2,1);(2,1);(2,2);(1,2);(1,2);(1,3);(1,4);(1,5)",LEFT;LEFT;DOWN;DOWN;RIGHT;DOWN;DOWN;UP;LEFT;LEFT;UP;UP;UP,13
0.5,208,B,"(1,1);(1,1);(1,2);(1,2);(1,2);(1,2);(1,3);(1,4);(1,5)",DOWN;UP;LEFT;LEFT;LEFT;UP;UP;UP,8
0.5,209,B,"(1,1);(1,2);(1,2);(2,2);(2,3);(2,2);(2,3);(2,4);(1,4);(2,4);(1,4);(1,4);(1,5)",UP;LEFT;RIGHT;UP;DOWN;UP;UP;LEFT;RIGHT;LEFT;LEFT;UP,12
0.5,210,B,"(1,1);(1,1);(1,1);(1,2);(2,2);(1,2);(1,3);(1,4);(2,4);(3,4);(3,5);(3,5);(2,5);(3,5);(4,5);(3,5);(3,5);(3,5);(3,4);(4,4);(4,5);(3,5);(4,5);(3,5);(2,5);(3,5);(3,5);(2,5);(2,5);(2,5);(3,5)",LEFT;LEFT;UP;RIGHT;LEFT;UP;UP;RIGHT;RIGHT;UP;UP;LEFT;RIGHT;RIGHT;LEFT;UP;UP;DOWN;RIGHT;UP;LEFT;RIGHT;LEFT;LEFT;RIGHT;UP;LEFT;UP;UP;RIGHT,30
0.5,211,B,"(1,1);(1,2);(1,1);(1,1);(1,1);(1,1);(1,2);(2,2);(1,2);(1,1);(1,2);(1,3);(1,3);(1,4);(1,4);(1,3);(2,3);(1,3);(1,3);(1,3);(2,3);(2,4);(2,5);(1,5)",UP;DOWN;LEFT;DOWN;LEFT;UP;RIGHT;LEFT;DOWN;UP;UP;LEFT;UP;LEFT;DOWN;RIGHT;LEFT;LEFT;LEFT;RIGHT;UP;UP;LEFT,23
0.5,212,B,"(1,1);(2,1);(1,1);(1,2);(1,2);(1,1);(1,1);(2,1);(3,1);(3,2);(2,2);(1,2);(1,2);(1,3);(2,3);(1,3);(2,3);(1,3);(1,4);(1,3);(2,3);(2,4);(2,5);(1,5)",RIGHT;LEFT;UP;LEFT;DOWN;LEFT;RIGHT;RIGHT;UP;LEFT;LEFT;LEFT;UP;RIGHT;LEFT;RIGHT;LEFT;UP;DOWN;RIGHT;UP;UP;LEFT,23
0.5,213,B,"(1,1);(1,1);(1,1);(2,1);(2,2);(3,2);(2,2);(2,3);(2,3);(2,4);(2,3);(2,4);(1,4);(1,3);(1,3);(1,4);(1,5)",DOWN;DOWN;RIGHT;UP;RIGHT;LEFT;UP;RIGHT;UP;DOWN;UP;LEFT;DOWN;LEFT;UP;UP,16
0.5,214,B,"(1,1);(2,1);(2,2);(1,2);(1,2);(1,3);(1,4);(1,4);(1,5)",RIGHT;UP;LEFT;LEFT;UP;UP;LEFT;UP,8
0.5,215,B,"(1,1);(1,1);(1,1);(1,1);(1,2);(1,3);(1,4);(1,5)",DOWN;DOWN;DOWN;UP;UP;UP;UP,7
0.5,216,B,"(1,1);(1,2);(1,3);(2,3);(2,3);(1,3);(1,3);(1,3);(1,4);(1,5)",UP;UP;RIGHT;RIGHT;LEFT;LEFT;LEFT;UP;UP,9
0.5,217,B,"(1,1);(1,1);(1,2);(1,3);(1,4);(1,5)",DOWN;UP;UP;UP;UP,5
0.5,218,B,"(1,1);(1,2);(1,2);(1,2);(2,2);(2,1);(2,1);(1,1);(1,1);(1,2);(1,3);(1,3);(1,3);(1,3);(1,4);(2,4);(2,5);(3,5);(2,5);(1,5)",UP;LEFT;LEFT;RIGHT;DOWN;DOWN;LEFT;DOWN;UP;UP;LEFT;LEFT;LEFT;UP;RIGHT;UP;RIGHT;LEFT;LEFT,19
0.5,219,B,"(1,1);(1,1);(1,2);(1,3);(1,4);(1,3);(1,4);(1,5)",DOWN;UP;UP;UP;DOWN;UP;UP,7
0.5,220,B,"(1,1);(1,2);(2,2);(1,2);(1,2);(1,2);(1,2);(2,2);(3,2);(2,2);(1,2);(2,2);(2,3);(1,3);(1,4);(2,4);(3,4);(4,4);(3,4);(3,5);(2,5);(1,5)",UP;RIGHT;LEFT;LEFT;LEFT;LEFT;RIGHT;RIGHT;LEFT;LEFT;RIGHT;UP;LEFT;UP;RIGHT;RIGHT;RIGHT;LEFT;UP;LEFT;LEFT,21
0.5,221,B,"(1,1);(1,1);(1,2);(2,2);(1,2);(2,2);(2,3);(1,3);(2,3);(1,3);(1,4);(1,5)",LEFT;UP;RIGHT;LEFT;RIGHT;UP;LEFT;RIGHT;LEFT;UP;UP,11
0.5,222,B,"(1,1);(2,1);(1,1);(1,1);(1,1);(1,2);(1,3);(1,4);(1,4);(1,4);(1,5)",RIGHT;LEFT;DOWN;LEFT;UP;UP;UP;LEFT;LEFT;UP,10
0.5,223,B,"(1,1);(1,2);(1,1);(1,1);(1,2);(1,3);(1,3);(1,3);(1,3);(1,4);(1,3);(1,4);(2,4);(2,5);(2,5);(1,5)",UP;DOWN;LEFT;UP;UP;LEFT;LEFT;LEFT;UP;DOWN;UP;RIGHT;UP;UP;LEFT,15
0.5,224,B,"(1,1);(1,1);(2,1);(2,2);(2,1);(1,1);(1,1);(1,2);(1,2);(1,2);(1,2);(1,1);(1,1);(1,1);(1,1);(1,1);(1,1);(1,1);(2,1);(3,1);(3,2);(2,2);(1,2);(1,3);(1,2);(1,3);(1,4);(1,5)",LEFT;RIGHT;UP;DOWN;LEFT;LEFT;UP;LEFT;LEFT;LEFT;DOWN;LEFT;DOWN;LEFT;DOWN;LEFT;LEFT;RIGHT;RIGHT;UP;LEFT;LEFT;UP;DOWN;UP;UP;UP,27
0.5,225,B,"(1,1);(1,2);(1,3);(1,4);(2,4);(1,4);(1,4);(1,3);(1,4);(2,4);(2,5);(3,5);(2,5);(2,5);(1,5)",UP;UP;UP;RIGHT;LEFT;LEFT;DOWN;UP;RIGHT;UP;RIGHT;LEFT;UP;LEFT,14
0.5,226,B,"(1,1);(1,2);(1,3);(1,3);(1,4);(2,4);(3,4);(3,5);(3,4);(2,4);(1,4);(1,5)",UP;UP;LEFT;UP;RIGHT;RIGHT;UP;DOWN;LEFT;LEFT;UP,11
0.5,227,B,"(1,1);(1,1);(1,1);(1,1);(1,1);(1,1);(2,1);(2,2);(2,3);(2,4);(2,3);(2,2);(2,1);(1,1);(1,2);(1,3);(1,4);(2,4);(1,4);(1,5)",DOWN;DOWN;DOWN;DOWN;DOWN;RIGHT;UP;UP;UP;DOWN;DOWN;DOWN;LEFT;UP;UP;UP;RIGHT;LEFT;UP,19
0.5,228,B,"(1,1);(1,1);(1,1);(1,2);(1,2);(1,2);(2,2);(2,1);(1,1);(2,1);(1,1);(1,2);(1,3);(1,4);(1,4);(1,5)",LEFT;DOWN;UP;LEFT;LEFT;RIGHT;DOWN;LEFT;RIGHT;LEFT;UP;UP;UP;LEFT;UP,15
0.5,229,B,"(1,1);(1,1);(1,2);(1,1);(1,2);(1,2);(1,2);(1,2);(1,1);(1,1);(1,1);(1,1);(1,2);(1,3);(1,3);(2,3);(2,3);(2,4);(1,4);(1,5)",LEFT;UP;DOWN;UP;LEFT;LEFT;LEFT;DOWN;LEFT;LEFT;DOWN;UP;UP;LEFT;RIGHT;RIGHT;UP;LEFT;UP,19
0.5,230,B,"(1,1);(1,1);(1,1);(1,2);(1,1);(1,1);(2,1);(2,2);(1,2);(1,1);(1,1);(2,1);(3,1);(3,2);(4,2);(3,2);(3,2);(3,2);(4,2);(4,3);(4,4);(3,4);(2,4);(1,4);(1,5)",LEFT;DOWN;UP;DOWN;LEFT;RIGHT;UP;LEFT;DOWN;LEFT;RIGHT;RIGHT;UP;RIGHT;LEFT;UP;UP;RIGHT;UP;UP;LEFT;LEFT;LEFT;UP,24
0.5,231,B,"(1,1);(1,1);(1,2);(1,3);(1,3);(1,2);(1,2);(2,2);(2,3);(1,3);(1,4);(2,4);(2,3);(2,4);(2,3);(2,2);(1,2);(2,2);(1,2);(1,1);(1,1);(2,1);(1,1);(1,2);(1,3);(1,3);(1,4);(2,4);(2,3);(2,2);(2,1)",LEFT;UP;UP;LEFT;DOWN;LEFT;RIGHT;UP;LEFT;UP;RIGHT;DOWN;UP;DOWN;DOWN;LEFT;RIGHT;LEFT;DOWN;LEFT;RIGHT;LEFT;UP;UP;LEFT;UP;RIGHT;DOWN;DOWN;DOWN,30
0.5,232,B,"(1,1);(2,1);(1,1);(1,1);(2,1);(1,1);(1,2);(1,3);(1,3);(1,4);(1,5)",RIGHT;LEFT;DOWN;RIGHT;LEFT;UP;UP;LEFT;UP;UP,10
0.5,233,B,"(1,1);(1,1);(1,1);(1,2);(1,3);(1,3);(1,4);(1,5)",LEFT;LEFT;UP;UP;LEFT;UP;UP,7
0.5,234,B,"(1,1);(1,1);(1,1);(1,2);(1,1);(1,2);(2,2);(3,2);(2,2);(1,2);(1,2);(2,2);(2,3);(1,3);(1,4);(1,5)",DOWN;DOWN;UP;DOWN;UP;RIGHT;RIGHT;LEFT;LEFT;LEFT;RIGHT;UP;LEFT;UP;UP,15
0.5,235,B,"(1,1);(1,1);(2,1);(2,2);(1,2);(1,3);(1,2);(1,3);(1,4);(1,5)",LEFT;RIGHT;UP;LEFT;UP;DOWN;UP;UP;UP,9
0.5,236,B,"(1,1);(1,2);(1,1);(1,1);(1,2);(1,2);(1,3);(1,3);(1,4);(2,4);(3,4);(3,5);(2,5);(2,5);(2,5);(1,5)",UP;DOWN;DOWN;UP;LEFT;UP;LEFT;UP;RIGHT;RIGHT;UP;LEFT;UP;UP;LEFT,15
0.5,237,B,"(1,1);(1,2);(1,3);(1,4);(1,5)",UP;UP;UP;UP,4
0.5,238,B,"(1,1);(1,2);(1,2);(1,1);(1,2);(1,3);(1,4);(1,5)",UP;LEFT;DOWN;UP;UP;UP;UP,7
0.5,239,B,"(1,1);(1,2);(1,3);(1,2);(2,2);(1,2);(1,3);(1,4);(1,4);(1,4);(1,5)",UP;UP;DOWN;RIGHT;LEFT;UP;UP;LEFT;LEFT;UP,10
0.5,240,B,"(1,1);(1,1);(1,1);(1,1);(1,1);(1,1);(1,2);(2,2);(1,2);(1,3);(2,3);(2,3);(2,3);(2,2);(2,1);(2,1);(2,1);(1,1);(1,2);(2,2);(1,2);(1,1);(2,1);(1,1);(1,1);(2,1);(2,2);(1,2);(1,2);(1,3);(1,2)",DOWN;DOWN;DOWN;LEFT;DOWN;UP;RIGHT;LEFT;UP;RIGHT;RIGHT;RIGHT;DOWN;DOWN;DOWN;DOWN;LEFT;UP;RIGHT;LEFT;DOWN;RIGHT;LEFT;DOWN;RIGHT;UP;LEFT;LEFT;UP;DOWN,30
0.5,241,B,"(1,1);(1,1);(1,1);(1,1);(1,1);(1,2);(1,3);(1,4);(2,4);(2,3);(2,4);(1,4);(1,5)",DOWN;LEFT;DOWN;DOWN;UP;UP;UP;RIGHT;DOWN;UP;LEFT;UP,12
0.5,242,B,"(1,1);(2,1);(3,1);(3,1);(3,2);(4,2);(3,2);(3,2);(3,1);(2,1);(2,1);(1,1);(1,1);(1,2);(2,2);(1,2);(1,2);(1,3);(1,4);(1,5)",RIGHT;RIGHT;DOWN;UP;RIGHT;LEFT;UP;DOWN;LEFT;DOWN;LEFT;DOWN;UP;RIGHT;LEFT;LEFT;UP;UP;UP,19
0.5,243,B,"(1,1);(1,1);(1,2);(1,1);(2,1);(2,2);(2,1);(2,2);(2,3);(2,2);(2,3);(1,3);(2,3);(2,4);(1,4);(2,4);(1,4);(1,5)",DOWN;UP;DOWN;RIGHT;UP;DOWN;UP;UP;DOWN;UP;LEFT;RIGHT;UP;LEFT;RIGHT;LEFT;UP,17
0.5,244,B,"(1,1);(1,1);(2,1);(3,1);(3,2);(2,2);(1,2);(1,3);(2,3);(2,4);(1,4);(1,5)",LEFT;RIGHT;RIGHT;UP;LEFT;LEFT;UP;RIGHT;UP;LEFT;UP,11
0.5,245,B,"(1,1);(1,1);(2,1);(2,2);(2,3);(2,4);(3,4);(3,4);(4,4);(3,4);(3,5);(2,5);(1,5)",LEFT;RIGHT;UP;UP;UP;RIGHT;DOWN;RIGHT;LEFT;UP;LEFT;LEFT,12
0.5,246,B,"(1,1);(1,2);(1,1);(1,2);(1,2);(1,3);(1,3);(1,3);(1,4);(1,5)",UP;DOWN;UP;LEFT;UP;LEFT;LEFT;UP;UP,9
0.5,247,B,"(1,1);(1,1);(1,1);(1,2);(1,1);(2,1);(1,1);(1,1);(1,1);(1,2);(1,2);(1,1);(2,1);(1,1);(1,2);(2,2);(1,2);(1,2);(1,3);(1,4);(1,5)",LEFT;LEFT;UP;DOWN;RIGHT;LEFT;LEFT;LEFT;UP;LEFT;DOWN;RIGHT;LEFT;UP;RIGHT;LEFT;LEFT;UP;UP;UP,20
0.5,248,B,"(1,1);(1,2);(1,1);(1,1);(1,1);(1,2);(1,1);(1,1);(1,2);(2,2);(1,2);(2,2);(1,2);(1,2);(1,3);(1,4);(1,3);(1,4);(2,4);(1,4);(1,5)",UP;DOWN;DOWN;DOWN;UP;DOWN;DOWN;UP;RIGHT;LEFT;RIGHT;LEFT;LEFT;UP;UP;DOWN;UP;RIGHT;LEFT;UP,20
0.5,249,B,"(1,1);(1,1);(1,2);(1,3);(1,2);(2,2);(2,3);(2,4);(1,4);(1,5)",LEFT;UP;UP;DOWN;RIGHT;UP;UP;LEFT;UP,9
0.5,250,B,"(1,1);(1,2);(1,1);(1,2);(1,2);(1,3);(1,4);(2,4);(3,4);(4,4);(3,4);(3,5);(3,5);(2,5);(2,5);(3,5);(3,5);(3,5);(2,5);(1,5)",UP;DOWN;UP;LEFT;UP;UP;RIGHT;RIGHT;RIGHT;LEFT;UP;UP;LEFT;UP;RIGHT;UP;UP;LEFT;LEFT,19
1.0,251,B,"(1,1);(1,1);(1,2);(1,3);(1,2);(1,2);(1,1);(1,2);(1,3);(1,4);(1,5)",DOWN;UP;UP;DOWN;LEFT;DOWN;UP;UP;UP;UP,10
1.0,252,B,"(1,1);(1,2);(1,2);(1,3);(1,3);(1,4);(1,5)",UP;LEFT;UP;LEFT;UP;UP,6
1.0,253,B,"(1,1);(1,1);(1,1);(1,2);(1,3);(1,3);(1,4);(1,5)",DOWN;LEFT;UP;UP;LEFT;UP;UP,7
1.0,254,B,"(1,1);(1,1);(1,1);(1,1);(1,2);(1,3);(1,4);(1,4);(2,4);(1,4);(1,5)",DOWN;LEFT;LEFT;UP;UP;UP;LEFT;RIGHT;LEFT;UP,10
1.0,255,B,"(1,1);(1,1);(1,1);(1,2);(2,2);(2,3);(1,3);(1,4);(1,5)",DOWN;DOWN;UP;RIGHT;UP;LEFT;UP;UP,8
1.0,256,B,"(1,1);(1,2);(1,2);(1,3);(1,4);(1,4);(1,5)",UP;LEFT;UP;UP;LEFT;UP,6
1.0,257,B,"(1,1);(1,2);(1,2);(1,2);(2,2);(1,2);(1,3);(1,4);(2,4);(1,4);(1,5)",UP;LEFT;LEFT;RIGHT;LEFT;UP;UP;RIGHT;LEFT;UP,10
1.0,258,B,"(1,1);(1,1);(1,2);(1,3);(1,3);(1,4);(1,5)",LEFT;UP;UP;LEFT;UP;UP,6
1.0,259,B,"(1,1);(1,2);(1,3);(2,3);(1,3);(1,4);(1,5)",UP;UP;RIGHT;LEFT;UP;UP,6
1.0,260,B,"(1,1);(2,1);(2,2);(2,3);(2,4);(2,5);(1,5)",RIGHT;UP;UP;UP;UP;LEFT,6
1.0,261,B,"(1,1);(1,1);(1,2);(2,2);(2,3);(2,4);(3,4);(2,4);(1,4);(2,4);(2,5);(2,5);(1,5)",DOWN;UP;RIGHT;UP;UP;RIGHT;LEFT;LEFT;RIGHT;UP;UP;LEFT,12
1.0,262,B,"(1,1);(1,1);(1,2);(1,3);(2,3);(2,4);(2,5);(1,5)",LEFT;UP;UP;RIGHT;UP;UP;LEFT,7
1.0,263,B,"(1,1);(1,2);(1,3);(1,4);(1,5)",UP;UP;UP;UP,4
1.0,264,B,"(1,1);(1,2);(1,3);(1,3);(1,3);(1,3);(1,4);(1,5)",UP;UP;LEFT;LEFT;LEFT;UP;UP,7
1.0,265,B,"(1,1);(1,1);(2,1);(2,2);(2,1);(1,1);(1,2);(1,2);(1,2);(1,3);(1,4);(1,5)",LEFT;RIGHT;UP;DOWN;LEFT;UP;LEFT;LEFT;UP;UP;UP,11
1.0,266,B,"(1,1);(1,1);(1,2);(1,3);(1,2);(1,3);(1,2);(1,3);(1,4);(2,4);(3,4);(2,4);(2,5);(2,4);(1,4);(1,3);(2,3);(1,3);(1,4);(1,4);(1,5)",LEFT;UP;UP;DOWN;UP;DOWN;UP;UP;RIGHT;RIGHT;LEFT;UP;DOWN;LEFT;DOWN;RIGHT;LEFT;UP;LEFT;UP,20
1.0,267,B,"(1,1);(1,2);(1,3);(1,4);(1,4);(1,4);(1,5)",UP;UP;UP;LEFT;LEFT;UP,6
1.0,268,B,"(1,1);(1,2);(1,3);(1,3);(1,4);(2,4);(2,5);(1,5)",UP;UP;LEFT;UP;RIGHT;UP;LEFT,7
1.0,269,B,"(1,1);(1,1);(1,1);(1,1);(1,2);(1,2);(1,3);(1,3);(1,3);(1,3);(1,3);(1,4);(1,5)",LEFT;DOWN;LEFT;UP;LEFT;UP;LEFT;LEFT;LEFT;LEFT;UP;UP,12
1.0,270,B,"(1,1);(1,1);(1,1);(1,2);(1,3);(1,4);(2,4);(1,4);(1,5)",LEFT;LEFT;UP;UP;UP;RIGHT;LEFT;UP,8
1.0,271,B,"(1,1);(1,2);(1,3);(1,4);(1,5)",UP;UP;UP;UP,4
1.0,272,B,"(1,1);(1,1);(1,1);(1,1);(1,2);(1,3);(1,4);(1,3);(1,2);(1,2);(1,3);(1,4);(1,5)",LEFT;DOWN;DOWN;UP;UP;UP;DOWN;DOWN;LEFT;UP;UP;UP,12
1.0,273,B,"(1,1);(1,2);(1,2);(1,3);(1,2);(1,3);(1,4);(1,4);(1,3);(1,2);(1,1);(1,2);(1,3);(1,4);(1,5)",UP;LEFT;UP;DOWN;UP;UP;LEFT;DOWN;DOWN;DOWN;UP;UP;UP;UP,14
1.0,274,B,"(1,1);(1,2);(1,3);(2,3);(2,4);(1,4);(1,5)",UP;UP;RIGHT;UP;LEFT;UP,6
1.0,275,B,"(1,1);(1,1);(1,1);(1,1);(1,2);(1,3);(1,4);(1,5)",DOWN;DOWN;DOWN;UP;UP;UP;UP,7
1.0,276,B,"(1,1);(1,2);(1,1);(1,2);(1,3);(1,4);(1,5)",UP;DOWN;UP;UP;UP;UP,6
1.0,277,B,"(1,1);(2,1);(2,2);(2,3);(2,4);(2,5);(1,5)",RIGHT;UP;UP;UP;UP;LEFT,6
1.0,278,B,"(1,1);(1,2);(1,3);(1,4);(2,4);(2,5);(1,5)",UP;UP;UP;RIGHT;UP;LEFT,6
1.0,279,B,"(1,1);(1,1);(1,2);(1,3);(1,4);(1,4);(1,4);(1,5)",DOWN;UP;UP;UP;LEFT;LEFT;UP,7
1.0,280,B,"(1,1);(1,2);(1,3);(1,3);(1,4);(1,4);(2,4);(1,4);(1,5)",UP;UP;LEFT;UP;LEFT;RIGHT;LEFT;UP,8
1.0,281,B,"(1,1);(1,2);(1,3);(1,3);(1,3);(1,4);(1,4);(1,5)",UP;UP;LEFT;LEFT;UP;LEFT;UP,7
1.0,282,B,"(1,1);(1,2);(1,3);(1,4);(1,3);(1,4);(1,4);(1,5)",UP;UP;UP;DOWN;UP;LEFT;UP,7
1.0,283,B,"(1,1);(1,2);(1,1);(1,2);(1,3);(1,3);(1,2);(1,3);(1,3);(1,4);(1,5)",UP;DOWN;UP;UP;LEFT;DOWN;UP;LEFT;UP;UP,10
1.0,284,B,"(1,1);(1,1);(1,1);(1,2);(1,3);(1,4);(2,4);(1,4);(1,5)",DOWN;DOWN;UP;UP;UP;RIGHT;LEFT;UP,8
1.0,285,B,"(1,1);(1,2);(1,3);(1,4);(1,3);(1,3);(1,4);(1,5)",UP;UP;UP;DOWN;LEFT;UP;UP,7
1.0,286,B,"(1,1);(1,2);(1,3);(1,4);(1,4);(2,4);(1,4);(1,5)",UP;UP;UP;LEFT;RIGHT;LEFT;UP,7
1.0,287,B,"(1,1);(1,2);(1,2);(2,2);(1,2);(1,3);(1,4);(1,4);(1,5)",UP;LEFT;RIGHT;LEFT;UP;UP;LEFT;UP,8
1.0,288,B,"(1,1);(1,2);(2,2);(2,3);(2,4);(2,5);(1,5)",UP;RIGHT;UP;UP;UP;LEFT,6
1.0,289,B,"(1,1);(1,2);(1,3);(1,2);(1,3);(1,2);(1,2);(1,2);(2,2);(2,3);(1,3);(1,4);(1,5)",UP;UP;DOWN;UP;DOWN;LEFT;LEFT;RIGHT;UP;LEFT;UP;UP,12
1.0,290,B,"(1,1);(1,2);(1,1);(1,1);(1,1);(1,1);(1,2);(1,3);(1,4);(2,4);(1,4);(1,5)",UP;DOWN;LEFT;LEFT;DOWN;UP;UP;UP;RIGHT;LEFT;UP,11
1.0,291,B,"(1,1);(1,2);(1,3);(1,4);(1,4);(1,5)",UP;UP;UP;LEFT;UP,5
1.0,292,B,"(1,1);(1,2);(1,2);(1,3);(1,2);(1,2);(2,2);(1,2);(1,2);(1,2);(1,3);(1,4);(1,5)",UP;LEFT;UP;DOWN;LEFT;RIGHT;LEFT;LEFT;LEFT;UP;UP;UP,12
1.0,293,B,"(1,1);(1,1);(1,1);(1,1);(1,1);(1,2);(1,3);(1,3);(1,4);(1,3);(1,4);(2,4);(2,5);(1,5)",DOWN;DOWN;DOWN;DOWN;UP;UP;LEFT;UP;DOWN;UP;RIGHT;UP;LEFT,13
1.0,294,B,"(1,1);(1,1);(1,2);(1,3);(2,3);(2,2);(2,3);(2,4);(1,4);(1,4);(1,5)",LEFT;UP;UP;RIGHT;DOWN;UP;UP;LEFT;LEFT;UP,10
1.0,295,B,"(1,1);(1,2);(1,3);(1,3);(1,4);(1,5)",UP;UP;LEFT;UP;UP,5
1.0,296,B,"(1,1);(1,2);(1,3);(1,3);(1,4);(2,4);(1,4);(1,4);(1,5)",UP;UP;LEFT;UP;RIGHT;LEFT;LEFT;UP,8
1.0,297,B,"(1,1);(1,2);(1,3);(1,4);(1,5)",UP;UP;UP;UP,4
1.0,298,B,"(1,1);(1,1);(1,2);(1,3);(1,4);(1,3);(1,3);(1,4);(1,5)",LEFT;UP;UP;UP;DOWN;LEFT;UP;UP,8
1.0,299,B,"(1,1);(1,1);(1,2);(1,3);(1,4);(1,5)",DOWN;UP;UP;UP;UP,5
1.0,300,B,"(1,1);(1,2);(1,3);(1,4);(1,5)",UP;UP;UP;UP,4
3.0,301,B,"(1,1);(1,2);(1,2);(1,3);(1,4);(1,5)",UP;LEFT;UP;UP;UP,5
3.0,302,B,"(1,1);(1,2);(1,3);(1,4);(1,5)",UP;UP;UP;UP,4
3.0,303,B,"(1,1);(1,2);(1,3);(1,4);(1,5)",UP;UP;UP;UP,4
3.0,304,B,"(1,1);(1,2);(1,2);(1,3);(1,4);(1,5)",UP;LEFT;UP;UP;UP,5
3.0,305,B,"(1,1);(1,2);(1,2);(1,3);(1,4);(1,5)",UP;LEFT;UP;UP;UP,5
3.0,306,B,"(1,1);(1,2);(1,3);(1,4);(1,5)",UP;UP;UP;UP,4
3.0,307,B,"(1,1);(1,2);(1,3);(1,4);(1,5)",UP;UP;UP;UP,4
3.0,308,B,"(1,1);(1,1);(1,2);(1,3);(1,4);(1,5)",DOWN;UP;UP;UP;UP,5
3.0,309,B,"(1,1);(1,2);(1,2);(1,3);(1,4);(1,5)",UP;LEFT;UP;UP;UP,5
3.0,310,B,"(1,1);(1,2);(1,3);(1,4);(1,5)",UP;UP;UP;UP,4
3.0,311,B,"(1,1);(1,2);(1,3);(1,4);(1,5)",UP;UP;UP;UP,4
3.0,312,B,"(1,1);(1,2);(1,3);(1,4);(1,5)",UP;UP;UP;UP,4
3.0,313,B,"(1,1);(1,2);(1,3);(1,4);(1,5)",UP;UP;UP;UP,4
3.0,314,B,"(1,1);(1,2);(1,3);(1,4);(1,5)",UP;UP;UP;UP,4
3.0,315,B,"(1,1);(1,2);(1,3);(1,4);(1,5)",UP;UP;UP;UP,4
3.0,316,B,"(1,1);(1,2);(1,3);(1,4);(1,5)",UP;UP;UP;UP,4
3.0,317,B,"(1,1);(1,2);(1,3);(1,4);(1,5)",UP;UP;UP;UP,4
3.0,318,B,"(1,1);(1,2);(1,3);(1,4);(1,5)",UP;UP;UP;UP,4
3.0,319,B,"(1,1);(1,2);(1,3);(1,4);(1,5)",UP;UP;UP;UP,4
3.0,320,B,"(1,1);(1,2);(1,3);(1,4);(1,5)",UP;UP;UP;UP,4
3.0,321,B,"(1,1);(1,2);(1,3);(1,3);(1,4);(1,5)",UP;UP;LEFT;UP;UP,5
3.0,322,B,"(1,1);(1,2);(1,3);(1,4);(1,5)",UP;UP;UP;UP,4
3.0,323,B,"(1,1);(1,2);(1,3);(1,4);(1,5)",UP;UP;UP;UP,4
3.0,324,B,"(1,1);(1,2);(1,3);(1,4);(1,5)",UP;UP;UP;UP,4
3.0,325,B,"(1,1);(1,2);(1,3);(1,3);(1,4);(1,5)",UP;UP;LEFT;UP;UP,5
3.0,326,B,"(1,1);(1,2);(1,3);(1,4);(1,5)",UP;UP;UP;UP,4
3.0,327,B,"(1,1);(1,2);(1,3);(1,4);(1,5)",UP;UP;UP;UP,4
3.0,328,B,"(1,1);(1,2);(1,3);(1,4);(1,5)",UP;UP;UP;UP,4
3.0,329,B,"(1,1);(1,2);(1,3);(1,4);(1,5)",UP;UP;UP;UP,4
3.0,330,B,"(1,1);(1,2);(1,3);(1,4);(1,5)",UP;UP;UP;UP,4
3.0,331,B,"(1,1);(1,2);(1,3);(1,4);(1,5)",UP;UP;UP;UP,4
3.0,332,B,"(1,1);(1,2);(1,3);(1,4);(1,5)",UP;UP;UP;UP,4
3.0,333,B,"(1,1);(1,2);(1,3);(1,4);(1,5)",UP;UP;UP;UP,4
3.0,334,B,"(1,1);(1,2);(1,3);(1,4);(1,4);(1,5)",UP;UP;UP;LEFT;UP,5
3.0,335,B,"(1,1);(1,2);(1,3);(1,4);(1,5)",UP;UP;UP;UP,4
3.0,336,B,"(1,1);(1,2);(1,3);(1,4);(1,5)",UP;UP;UP;UP,4
3.0,337,B,"(1,1);(1,2);(1,3);(1,4);(1,5)",UP;UP;UP;UP,4
3.0,338,B,"(1,1);(1,2);(1,3);(1,4);(1,5)",UP;UP;UP;UP,4
3.0,339,B,"(1,1);(1,2);(1,3);(1,4);(1,5)",UP;UP;UP;UP,4
3.0,340,B,"(1,1);(1,2);(1,3);(1,4);(1,5)",UP;UP;UP;UP,4
3.0,341,B,"(1,1);(1,2);(1,3);(1,4);(1,5)",UP;UP;UP;UP,4
3.0,342,B,"(1,1);(1,2);(1,3);(1,4);(1,5)",UP;UP;UP;UP,4
3.0,343,B,"(1,1);(1,2);(1,3);(1,4);(1,5)",UP;UP;UP;UP,4
3.0,344,B,"(1,1);(1,2);(1,3);(1,4);(1,5)",UP;UP;UP;UP,4
3.0,345,B,"(1,1);(1,1);(1,2);(1,3);(1,4);(1,5)",LEFT;UP;UP;UP;UP,5
3.0,346,B,"(1,1);(1,1);(1,2);(1,3);(1,3);(1,4);(1,5)",LEFT;UP;UP;LEFT;UP;UP,6
3.0,347,B,"(1,1);(1,2);(1,3);(1,4);(1,5)",UP;UP;UP;UP,4
3.0,348,B,"(1,1);(1,2);(1,3);(1,4);(1,5)",UP;UP;UP;UP,4
3.0,349,B,"(1,1);(1,2);(1,3);(1,4);(1,5)",UP;UP;UP;UP,4
3.0,350,B,"(1,1);(1,2);(1,3);(1,4);(1,5)",UP;UP;UP;UP,4
8.0,351,B,"(1,1);(1,2);(1,3);(1,4);(1,5)",UP;UP;UP;UP,4
8.0,352,B,"(1,1);(1,2);(1,3);(1,4);(1,5)",UP;UP;UP;UP,4
8.0,353,B,"(1,1);(1,2);(1,3);(1,4);(1,5)",UP;UP;UP;UP,4
8.0,354,B,"(1,1);(1,2);(1,3);(1,4);(1,5)",UP;UP;UP;UP,4
8.0,355,B,"(1,1);(1,2);(1,3);(1,4);(1,5)",UP;UP;UP;UP,4
8.0,356,B,"(1,1);(1,2);(1,3);(1,4);(1,5)",UP;UP;UP;UP,4
8.0,357,B,"(1,1);(1,2);(1,3);(1,4);(1,5)",UP;UP;UP;UP,4
8.0,358,B,"(1,1);(1,2);(1,3);(1,4);(1,5)",UP;UP;UP;UP,4
8.0,359,B,"(1,1);(1,2);(1,3);(1,4);(1,5)",UP;UP;UP;UP,4
8.0,360,B,"(1,1);(1,2);(1,3);(1,4);(1,5)",UP;UP;UP;UP,4
8.0,361,B,"(1,1);(1,2);(1,3);(1,4);(1,5)",UP;UP;UP;UP,4
8.0,362,B,"(1,1);(1,2);(1,3);(1,4);(1,5)",UP;UP;UP;UP,4
8.0,363,B,"(1,1);(1,2);(1,3);(1,4);(1,5)",UP;UP;UP;UP,4
8.0,364,B,"(1,1);(1,2);(1,3);(1,4);(1,5)",UP;UP;UP;UP,4
8.0,365,B,"(1,1);(1,2);(1,3);(1,4);(1,5)",UP;UP;UP;UP,4
8.0,366,B,"(1,1);(1,2);(1,3);(1,4);(1,5)",UP;UP;UP;UP,4
8.0,367,B,"(1,1);(1,2);(1,3);(1,4);(1,5)",UP;UP;UP;UP,4
8.0,368,B,"(1,1);(1,2);(1,3);(1,4);(1,5)",UP;UP;UP;UP,4
8.0,369,B,"(1,1);(1,2);(1,3);(1,4);(1,5)",UP;UP;UP;UP,4
8.0,370,B,"(1,1);(1,2);(1,3);(1,4);(1,5)",UP;UP;UP;UP,4
8.0,371,B,"(1,1);(1,2);(1,3);(1,4);(1,5)",UP;UP;UP;UP,4
8.0,372,B,"(1,1);(1,2);(1,3);(1,4);(1,5)",UP;UP;UP;UP,4
8.0,373,B,"(1,1);(1,2);(1,3);(1,4);(1,5)",UP;UP;UP;UP,4
8.0,374,B,"(1,1);(1,2);(1,3);(1,4);(1,5)",UP;UP;UP;UP,4
8.0,375,B,"(1,1);(1,2);(1,3);(1,4);(1,5)",UP;UP;UP;UP,4
8.0,376,B,"(1,1);(1,2);(1,3);(1,4);(1,5)",UP;UP;UP;UP,4
8.0,377,B,"(1,1);(1,2);(1,3);(1,4);(1,5)",UP;UP;UP;UP,4
8.0,378,B,"(1,1);(1,2);(1,3);(1,4);(1,5)",UP;UP;UP;UP,4
8.0,379,B,"(1,1);(1,2);(1,3);(1,4);(1,5)",UP;UP;UP;UP,4
8.0,380,B,"(1,1);(1,2);(1,3);(1,4);(1,5)",UP;UP;UP;UP,4
8.0,381,B,"(1,1);(1,2);(1,3);(1,4);(1,5)",UP;UP;UP;UP,4
8.0,382,B,"(1,1);(1,2);(1,3);(1,4);(1,5)",UP;UP;UP;UP,4
8.0,383,B,"(1,1);(1,2);(1,3);(1,4);(1,5)",UP;UP;UP;UP,4
8.0,384,B,"(1,1);(1,2);(1,3);(1,4);(1,5)",UP;UP;UP;UP,4
8.0,385,B,"(1,1);(1,2);(1,3);(1,4);(1,5)",UP;UP;UP;UP,4
8.0,386,B,"(1,1);(1,2);(1,3);(1,4);(1,5)",UP;UP;UP;UP,4
8.0,387,B,"(1,1);(1,2);(1,3);(1,4);(1,5)",UP;UP;UP;UP,4
8.0,388,B,"(1,1);(1,2);(1,3);(1,4);(1,5)",UP;UP;UP;UP,4
8.0,389,B,"(1,1);(1,2);(1,3);(1,4);(1,5)",UP;UP;UP;UP,4
8.0,390,B,"(1,1);(1,2);(1,3);(1,4);(1,5)",UP;UP;UP;UP,4
8.0,391,B,"(1,1);(1,2);(1,3);(1,4);(1,5)",UP;UP;UP;UP,4
8.0,392,B,"(1,1);(1,2);(1,3);(1,4);(1,5)",UP;UP;UP;UP,4
8.0,393,B,"(1,1);(1,2);(1,3);(1,4);(1,5)",UP;UP;UP;UP,4
8.0,394,B,"(1,1);(1,2);(1,3);(1,4);(1,5)",UP;UP;UP;UP,4
8.0,395,B,"(1,1);(1,2);(1,3);(1,4);(1,5)",UP;UP;UP;UP,4
8.0,396,B,"(1,1);(1,2);(1,3);(1,4);(1,5)",UP;UP;UP;UP,4
8.0,397,B,"(1,1);(1,2);(1,3);(1,4);(1,5)",UP;UP;UP;UP,4
8.0,398,B,"(1,1);(1,2);(1,3);(1,4);(1,5)",UP;UP;UP;UP,4
8.0,399,B,"(1,1);(1,2);(1,3);(1,4);(1,5)",UP;UP;UP;UP,4
8.0,400,B,"(1,1);(1,2);(1,3);(1,4);(1,5)",UP;UP;UP;UP,4
